,rating,name,link,area_genre,price(dinner),price(lunch),holiday
0,4.24,ボニュ,https://tabelog.com/tw/tokyo/A1304/A130401/13184186/,"參宮橋車站 / 法式料理, 牛排, 蛋糕","JPY 50,000 - JPY 59,999","JPY 50,000 - JPY 59,999",-
1,4.16,おかしやうっちー,https://tabelog.com/tw/tokyo/A1309/A130901/13238644/,"北參道車站 / 蛋糕, 西式甜點",-,"JPY 5,000 - JPY 5,999",-
2,3.95,エーグルドゥース,https://tabelog.com/tw/tokyo/A1305/A130502/13005641/,"目白車站 / 蛋糕, 馬卡龍","JPY 1,000 - JPY 1,999","JPY 1,000 - JPY 1,999","星期一, 星期二"
3,3.94,パティスリー リョーコ,https://tabelog.com/tw/tokyo/A1316/A131603/13137010/,"高輪台車站 / 蛋糕, 泡芙, 西式甜點",-,- JPY 999,"星期一, 星期二, 星期三, 星期四"
4,3.90,アテスウェイ,https://tabelog.com/tw/tokyo/A1320/A132001/13005853/,"西荻窪車站 / 蛋糕, 甜食",- JPY 999,- JPY 999,"星期一, 星期二"
5,3.88,パティスリー・パリセヴェイユ,https://tabelog.com/tw/tokyo/A1317/A131703/13005198/,"自由丘車站 / 蛋糕, 咖啡店, 麵包","JPY 1,000 - JPY 1,999","JPY 1,000 - JPY 1,999",-
6,3.87,フレデリック カッセル 銀座三越店,https://tabelog.com/tw/tokyo/A1301/A130101/13116839/,"銀座車站 / 蛋糕, 甜食, 巧克力",-,"JPY 2,000 - JPY 2,999",-
7,3.87,アヴランシュ・ゲネー,https://tabelog.com/tw/tokyo/A1310/A131004/13186450/,"春日車站 / 蛋糕, 巧克力","JPY 1,000 - JPY 1,999","JPY 1,000 - JPY 1,999","星期一, 星期二"
8,3.87,リョウラ,https://tabelog.com/tw/tokyo/A1317/A131707/13188208/,"用賀車站 / 蛋糕, 西式甜點","JPY 3,000 - JPY 3,999",-,"星期二, 星期三"
9,3.86,オーボンヴュータン 尾山台店,https://tabelog.com/tw/tokyo/A1317/A131715/13181654/,"尾山台車站 / 蛋糕, 小菜, 咖啡店","JPY 1,000 - JPY 1,999","JPY 1,000 - JPY 1,999","星期二, 星期三"
10,3.86,パティスリー カーヴァンソン,https://tabelog.com/tw/tokyo/A1309/A130905/13035194/,"飯田橋車站 / 蛋糕, 巧克力, 西式甜點","JPY 10,000 - JPY 14,999",-,-
11,3.85,VIRON 丸の内店,https://tabelog.com/tw/tokyo/A1302/A130201/13043904/,"東京車站 / 麵包, 蛋糕, 咖啡店","JPY 1,000 - JPY 1,999","JPY 1,000 - JPY 1,999",-
12,3.85,アステリスク,https://tabelog.com/tw/tokyo/A1318/A131811/13140735/,代代木上原車站 / 蛋糕,- JPY 999,- JPY 999,"星期一, 星期二"
13,3.85,GAZTA,https://tabelog.com/tw/tokyo/A1316/A131602/13223261/,白金高輪車站 / 蛋糕,-,"JPY 1,000 - JPY 1,999",星期一
14,3.85,LESS by Gabriele Riva & Kanako Sakakura,https://tabelog.com/tw/tokyo/A1303/A130302/13274859/,"惠比壽車站 / 蛋糕, 巧克力",-,"JPY 2,000 - JPY 2,999","星期二, 星期三"
15,3.84,パティスリー SATSUKI,https://tabelog.com/tw/tokyo/A1308/A130803/13000178/,"赤坂見附車站 / 蛋糕, 麵包",- JPY 999,- JPY 999,-
16,3.84,フランス菓子 パティシエ ショコラティエ イナムラショウゾウ,https://tabelog.com/tw/tokyo/A1311/A131105/13047298/,"日暮里車站 / 蛋糕, 巧克力","JPY 1,000 - JPY 1,999","JPY 1,000 - JPY 1,999","星期一, 星期二"
17,3.84,パティスリー ユウ ササゲ,https://tabelog.com/tw/tokyo/A1318/A131809/13155662/,"千歲烏山車站 / 蛋糕, 麵包",-,- JPY 999,"星期二, 星期三"
18,3.84,ミニマル 富ヶ谷本店,https://tabelog.com/tw/tokyo/A1303/A130301/13175834/,"代代木八幡車站 / 巧克力, 蛋糕, 咖啡店","JPY 1,000 - JPY 1,999","JPY 1,000 - JPY 1,999",-
19,3.84,パティスリートレカルム,https://tabelog.com/tw/tokyo/A1323/A132301/13175122/,"千石車站 / 蛋糕, 馬卡龍, 麵包",- JPY 999,-,星期一
20,3.83,ショコラティエ パレ ド オール 東京,https://tabelog.com/tw/tokyo/A1302/A130201/13038473/,"二重橋前車站 / 巧克力, 咖啡店, 蛋糕","JPY 2,000 - JPY 2,999","JPY 2,000 - JPY 2,999",-
21,3.83,アトリエコータ 神楽坂店,https://tabelog.com/tw/tokyo/A1309/A130905/13136823/,"神樂坂車站 / 蛋糕, 咖啡店",-,"JPY 2,000 - JPY 2,999",-
22,3.83,PATISSERIE ASAKO IWAYANAGI,https://tabelog.com/tw/tokyo/A1317/A131715/13189509/,"等等力車站 / 蛋糕, 咖啡店","JPY 1,000 - JPY 1,999",-,"星期一, 星期二"
23,3.83,ザ・ペニンシュラ ブティック＆カフェ,https://tabelog.com/tw/tokyo/A1301/A130102/13043019/,"日比谷車站 / 蛋糕, 咖啡店, 麵包",-,"JPY 1,000 - JPY 1,999",-
24,3.82,シュークリー,https://tabelog.com/tw/tokyo/A1302/A130204/13050996/,"人形町車站 / 蛋糕, 甜食",- JPY 999,- JPY 999,星期日
25,3.82,マテリエル,https://tabelog.com/tw/tokyo/A1322/A132203/13110008/,"大山車站 / 蛋糕, 咖啡店","JPY 1,000 - JPY 1,999","JPY 1,000 - JPY 1,999","星期三, 星期四"
26,3.82,スタイルズケイクス＆カンパニー,https://tabelog.com/tw/tokyo/A1310/A131003/13125138/,神保町車站 / 蛋糕,"JPY 1,000 - JPY 1,999","JPY 1,000 - JPY 1,999","星期三, 星期六, 星期日, 節假日"
27,3.82,パティスリー プレジール,https://tabelog.com/tw/tokyo/A1317/A131706/13045491/,"西太子堂車站 / 蛋糕, 咖啡店","JPY 1,000 - JPY 1,999",-,-
28,3.82,パティシエ・ヒロ ヤマモト,https://tabelog.com/tw/tokyo/A1312/A131205/13121679/,"篠崎車站 / 蛋糕, 馬卡龍","JPY 1,000 - JPY 1,999",-,"星期二, 星期三"
29,3.81,VIRON 渋谷店,https://tabelog.com/tw/tokyo/A1303/A130301/13004626/,"澀谷車站 / 麵包, 三明治, 蛋糕",- JPY 999,- JPY 999,-
30,3.81,ケンズカフェ東京 総本店,https://tabelog.com/tw/tokyo/A1304/A130402/13024643/,"新宿御苑前車站 / 巧克力, 蛋糕","JPY 3,000 - JPY 3,999","JPY 3,000 - JPY 3,999","星期日, 節假日"
31,3.81,レピキュリアン,https://tabelog.com/tw/tokyo/A1320/A132001/13005891/,"吉祥寺車站 / 蛋糕, 咖啡店","JPY 1,000 - JPY 1,999","JPY 1,000 - JPY 1,999","星期一, 星期二, 星期三, 星期四, 星期五"
32,3.81,ロートンヌ 秋津本店,https://tabelog.com/tw/tokyo/A1328/A132806/13005967/,"新秋津車站 / 蛋糕, 馬卡龍, 西式甜點",- JPY 999,- JPY 999,星期三
33,3.81,パティスリー ラ・グリシーヌ,https://tabelog.com/tw/tokyo/A1317/A131705/13150993/,"池尻大橋車站 / 蛋糕, 甜食","JPY 1,000 - JPY 1,999","JPY 1,000 - JPY 1,999",星期一
34,3.80,ナタ・デ・クリスチアノ,https://tabelog.com/tw/tokyo/A1318/A131810/13153384/,"代代木公園車站 / 甜食, 麵包, 蛋糕",- JPY 999,- JPY 999,-
35,3.80,メゾン・ダーニ,https://tabelog.com/tw/tokyo/A1316/A131602/13183428/,"白金高輪車站 / 蛋糕, 麵包",-,"JPY 1,000 - JPY 1,999",星期二
36,3.80,Patisserie JUN UJITA,https://tabelog.com/tw/tokyo/A1317/A131702/13133033/,"都立大學車站 / 蛋糕, 咖啡店",- JPY 999,"JPY 1,000 - JPY 1,999","星期一, 星期二"
37,3.80,ロートンヌ 中野店,https://tabelog.com/tw/tokyo/A1321/A132101/13118933/,"新江古田車站 / 蛋糕, 咖啡店, 麵包","JPY 1,000 - JPY 1,999","JPY 1,000 - JPY 1,999","星期一, 星期二"
38,3.80,ブロンディール,https://tabelog.com/tw/tokyo/A1321/A132103/13184127/,"石神井公園車站 / 蛋糕, 麵包","JPY 2,000 - JPY 2,999","JPY 2,000 - JPY 2,999","星期一, 星期日"
39,3.79,西洋菓子 しろたえ,https://tabelog.com/tw/tokyo/A1308/A130801/13002850/,"赤坂見附車站 / 蛋糕, 咖啡店, 咖啡館",-,"JPY 1,000 - JPY 1,999","星期一, 星期日"
40,3.79,エシレ・メゾン デュ ブール,https://tabelog.com/tw/tokyo/A1302/A130201/13096439/,"二重橋前車站 / 蛋糕, 麵包, 意式冰淇淋/冰淇淋","JPY 3,000 - JPY 3,999","JPY 3,000 - JPY 3,999",-
41,3.79,Toshi Yoroizuka Mid Town,https://tabelog.com/tw/tokyo/A1307/A130701/13037382/,"六本木車站 / 蛋糕, 西式甜點","JPY 1,000 - JPY 1,999","JPY 1,000 - JPY 1,999",-
42,3.79,Mont St. Clair,https://tabelog.com/tw/tokyo/A1317/A131703/13003221/,"自由丘車站 / 蛋糕, 馬卡龍, 麵包","JPY 1,000 - JPY 1,999",-,"星期二, 星期三"
43,3.78,ラ ブティック ドゥ ジョエル・ロブション 丸の内ブリックスクエア店,https://tabelog.com/tw/tokyo/A1302/A130201/13096409/,"二重橋前車站 / 麵包, 蛋糕, 咖啡店","JPY 1,000 - JPY 1,999","JPY 1,000 - JPY 1,999",-
44,3.78,ノワ・ドゥ・ブール 新宿伊勢丹店,https://tabelog.com/tw/tokyo/A1304/A130401/13124571/,"新宿三丁目車站 / 蛋糕, 巧克力",- JPY 999,- JPY 999,-
45,3.78,クリオロ 中目黒店,https://tabelog.com/tw/tokyo/A1317/A131701/13077927/,"中目黑車站 / 蛋糕, 巧克力, 馬卡龍","JPY 1,000 - JPY 1,999",-,-
46,3.78,レ・カカオ 本店,https://tabelog.com/tw/tokyo/A1316/A131603/13203619/,"五反田車站 / 巧克力, 蛋糕, 西式甜點",- JPY 999,- JPY 999,星期二
47,3.78,ツッカベッカライ カヤヌマ,https://tabelog.com/tw/tokyo/A1308/A130802/13002756/,"溜池山王車站 / 蛋糕, 西式甜點","JPY 3,000 - JPY 3,999",-,"星期一, 星期日, 節假日"
48,3.78,ラ ブティック ドゥ ジョエル・ロブション 六本木ヒルズ店,https://tabelog.com/tw/tokyo/A1307/A130701/13020237/,"六本木車站 / 麵包, 蛋糕","JPY 1,000 - JPY 1,999","JPY 1,000 - JPY 1,999",-
49,3.78,ラ ブティック ドゥ ジョエル・ロブション 恵比寿ガーデンプレイス店,https://tabelog.com/tw/tokyo/A1303/A130302/13014064/,"惠比壽車站 / 麵包, 蛋糕, 三明治","JPY 1,000 - JPY 1,999","JPY 1,000 - JPY 1,999",-
50,3.77,ザ マンダリン オリエンタル グルメショップ,https://tabelog.com/tw/tokyo/A1302/A130202/13022977/,"三越前車站 / 蛋糕, 巧克力","JPY 1,000 - JPY 1,999","JPY 1,000 - JPY 1,999",-
51,3.77,パティスリー レザネフォール 恵比寿本店,https://tabelog.com/tw/tokyo/A1303/A130302/13149501/,代官山車站 / 蛋糕,- JPY 999,- JPY 999,-
52,3.77,クリオロ 本店,https://tabelog.com/tw/tokyo/A1322/A132202/13194959/,"小竹向原車站 / 蛋糕, 西式甜點, 麵包","JPY 1,000 - JPY 1,999","JPY 1,000 - JPY 1,999",星期二
53,3.77,ル・グルニエ・ア・パン 麹町店,https://tabelog.com/tw/tokyo/A1308/A130803/13011374/,"半藏門車站 / 麵包, 三明治, 蛋糕",- JPY 999,- JPY 999,-
54,3.77,フィオレンティーナ ペストリーブティック,https://tabelog.com/tw/tokyo/A1307/A130701/13060521/,"六本木車站 / 蛋糕, 麵包, 巧克力","JPY 1,000 - JPY 1,999","JPY 1,000 - JPY 1,999",-
55,3.77,パティスリー ラブリコチエ,https://tabelog.com/tw/tokyo/A1319/A131904/13100828/,"高圓寺車站 / 蛋糕, 咖啡店",- JPY 999,"JPY 1,000 - JPY 1,999","星期一, 星期二"
56,3.77,アディクト オ シュクル,https://tabelog.com/tw/tokyo/A1317/A131702/13171753/,"都立大學車站 / 蛋糕, 咖啡店, 麵包",- JPY 999,- JPY 999,"星期二, 星期三"
57,3.77,パティスリー イル・プルー・シュル・ラ・セーヌ,https://tabelog.com/tw/tokyo/A1303/A130303/13001912/,代官山車站 / 蛋糕,"JPY 1,000 - JPY 1,999","JPY 1,000 - JPY 1,999","星期一, 星期二, 星期三, 星期四, 星期日"
58,3.77,ラ・ヴィエイユ・フランス 本店,https://tabelog.com/tw/tokyo/A1318/A131809/13043939/,"千歲烏山車站 / 蛋糕, 麵包",- JPY 999,- JPY 999,星期二
59,3.77,パーラー ローレル,https://tabelog.com/tw/tokyo/A1317/A131715/13003097/,"九品佛車站 / 蛋糕, 咖啡店","JPY 1,000 - JPY 1,999","JPY 1,000 - JPY 1,999",星期四
60,3.77,ア コテ パティスリー,https://tabelog.com/tw/tokyo/A1316/A131602/13051424/,"白金台車站 / 西式甜點, 蛋糕, 巧克力",-,"JPY 1,000 - JPY 1,999",星期日
61,3.76,茶亭 羽當,https://tabelog.com/tw/tokyo/A1303/A130301/13001169/,"澀谷車站 / 咖啡館, 咖啡店, 蛋糕","JPY 1,000 - JPY 1,999","JPY 1,000 - JPY 1,999",-
62,3.76,フレンチ パウンド ハウス 大和郷本店,https://tabelog.com/tw/tokyo/A1323/A132301/13003828/,"巢鴨車站 / 蛋糕, 咖啡店","JPY 1,000 - JPY 1,999","JPY 1,000 - JPY 1,999",-
63,3.76,エディアールベーカリー 新宿本店,https://tabelog.com/tw/tokyo/A1304/A130401/13012061/,"新宿三丁目車站 / 麵包, 咖啡店, 蛋糕",- JPY 999,- JPY 999,-
64,3.76,チャイブレイク,https://tabelog.com/tw/tokyo/A1320/A132001/13098849/,"吉祥寺車站 / 咖啡店, 蛋糕","JPY 1,000 - JPY 1,999","JPY 1,000 - JPY 1,999",星期二
65,3.76,十一房珈琲店,https://tabelog.com/tw/tokyo/A1301/A130101/13007721/,"銀座一丁目車站 / 咖啡館, 蛋糕",- JPY 999,- JPY 999,-
66,3.76,パティスリィ ドゥ・ボン・クーフゥ 武蔵小山本店,https://tabelog.com/tw/tokyo/A1317/A131710/13032289/,"武藏小山車站 / 蛋糕, 咖啡店","JPY 4,000 - JPY 4,999",-,-
67,3.76,パティスリー カカオエット・パリ,https://tabelog.com/tw/tokyo/A1317/A131701/13039525/,"中目黑車站 / 蛋糕, 西式甜點, 咖啡店","JPY 1,000 - JPY 1,999",- JPY 999,-
68,3.76,アルカション 本店,https://tabelog.com/tw/tokyo/A1321/A132103/13023168/,"保谷車站 / 蛋糕, 麵包, 咖啡店","JPY 1,000 - JPY 1,999","JPY 1,000 - JPY 1,999","星期一, 星期二"
69,3.76,チリムーロ,https://tabelog.com/tw/tokyo/A1303/A130301/13164533/,"代官山車站 / 蛋糕, 甜食",- JPY 999,-,"星期一, 星期二, 星期三, 星期日"
70,3.76,パティスリー フォブス,https://tabelog.com/tw/tokyo/A1311/A131103/13200705/,"藏前車站 / 蛋糕, 刨冰",- JPY 999,-,星期三
71,3.75,トリコロール 本店,https://tabelog.com/tw/tokyo/A1301/A130101/13007761/,"東銀座車站 / 咖啡館, 咖啡店, 蛋糕","JPY 1,000 - JPY 1,999","JPY 1,000 - JPY 1,999",星期二
72,3.75,トシ・ヨロイヅカ 東京,https://tabelog.com/tw/tokyo/A1302/A130202/13202758/,"京橋車站 / 蛋糕, 咖啡店, 麵包","JPY 2,000 - JPY 2,999","JPY 2,000 - JPY 2,999",星期二
73,3.75,リベルテ・パティスリー・ブーランジェリー 東京本店・吉祥寺,https://tabelog.com/tw/tokyo/A1320/A132001/13219660/,"吉祥寺車站 / 麵包, 蛋糕, 咖啡店","JPY 2,000 - JPY 2,999","JPY 1,000 - JPY 1,999",-
74,3.75,マッターホーン,https://tabelog.com/tw/tokyo/A1317/A131702/13003197/,"學藝大學車站 / 蛋糕, 咖啡館, 年輪蛋糕",-,- JPY 999,星期二
75,3.75,和光ティーサロン,https://tabelog.com/tw/tokyo/A1301/A130101/13009081/,"銀座車站 / 咖啡店, 蛋糕","JPY 2,000 - JPY 2,999","JPY 3,000 - JPY 3,999",-
76,3.75,ラ・プレシューズ 紀尾井町店,https://tabelog.com/tw/tokyo/A1308/A130801/13198490/,"永田町車站 / 蛋糕, 西式甜點, 麵包","JPY 1,000 - JPY 1,999","JPY 1,000 - JPY 1,999",-
77,3.75,ヨハン 本店,https://tabelog.com/tw/tokyo/A1317/A131701/13003450/,中目黑車站 / 蛋糕,-,- JPY 999,-
78,3.75,ル・コワンヴェール パトリック・ルメル,https://tabelog.com/tw/tokyo/A1309/A130905/13058480/,"飯田橋車站 / 蛋糕, 咖啡店","JPY 1,000 - JPY 1,999",- JPY 999,"星期一, 星期二"
79,3.75,パティスリーサロン・ドゥ・テ アミティエ,https://tabelog.com/tw/tokyo/A1309/A130905/13047005/,"神樂坂車站 / 蛋糕, 咖啡店, 西式甜點","JPY 1,000 - JPY 1,999","JPY 1,000 - JPY 1,999",星期二
80,3.75,タイズ,https://tabelog.com/tw/tokyo/A1310/A131004/13018359/,"本鄉三丁目車站 / 咖啡館, 咖啡店, 蛋糕",-,"JPY 1,000 - JPY 1,999","星期一, 星期二, 星期三, 星期四"
81,3.75,テオブロマ 渋谷本店,https://tabelog.com/tw/tokyo/A1318/A131810/13005471/,"代代木公園車站 / 巧克力, 咖啡店, 蛋糕","JPY 1,000 - JPY 1,999","JPY 1,000 - JPY 1,999",-
82,3.75,パティシェリア,https://tabelog.com/tw/tokyo/A1304/A130401/13039063/,新宿車站 / 蛋糕,"JPY 1,000 - JPY 1,999",-,-
83,3.75,フジウ,https://tabelog.com/tw/tokyo/A1329/A132903/13006009/,"高幡不動車站 / 蛋糕, 咖啡店, 麵包",- JPY 999,- JPY 999,"星期二, 星期三"
84,3.75,パティスリー・スリール,https://tabelog.com/tw/tokyo/A1317/A131701/13018799/,"祐天寺車站 / 蛋糕, 麵包",-,- JPY 999,星期三
85,3.74,近江屋洋菓子店,https://tabelog.com/tw/tokyo/A1310/A131002/13000337/,"淡路町車站 / 蛋糕, 麵包, 果汁吧攤",- JPY 999,"JPY 1,000 - JPY 1,999",-
86,3.74,果実園リーベル 東京店,https://tabelog.com/tw/tokyo/A1302/A130201/13131338/,"東京車站 / 水果聖代, 蛋糕, 義大利料理","JPY 1,000 - JPY 1,999","JPY 1,000 - JPY 1,999",-
87,3.74,ピエール・エルメ・パリ Aoyama,https://tabelog.com/tw/tokyo/A1306/A130602/13014316/,"表參道車站 / 蛋糕, 馬卡龍, 咖啡店","JPY 3,000 - JPY 3,999","JPY 3,000 - JPY 3,999",-
88,3.74,巴裡 小川軒 新橋店,https://tabelog.com/tw/tokyo/A1301/A130103/13024996/,"新橋車站 / 西式甜點, 蛋糕","JPY 1,000 - JPY 1,999","JPY 1,000 - JPY 1,999",星期日
89,3.74,松之助 N.Y. 東京・代官山店,https://tabelog.com/tw/tokyo/A1303/A130303/13005179/,"代官山車站 / 蛋糕, 咖啡店, 鬆餅",-,"JPY 1,000 - JPY 1,999",星期一
90,3.74,トラスパレンテ 中目黒店,https://tabelog.com/tw/tokyo/A1317/A131701/13187231/,"中目黑車站 / 麵包, 咖啡店, 蛋糕",- JPY 999,"JPY 1,000 - JPY 1,999",星期二
91,3.74,かえる食堂,https://tabelog.com/tw/tokyo/A1322/A132202/13030312/,"要町車站 / 咖喱, 蛋糕",-,"JPY 1,000 - JPY 1,999","星期一, 星期日"
92,3.74,成城アルプス,https://tabelog.com/tw/tokyo/A1318/A131814/13002002/,"成城學園前車站 / 蛋糕, 咖啡館, 咖啡店","JPY 1,000 - JPY 1,999","JPY 1,000 - JPY 1,999",星期二
93,3.74,クルミドコーヒー,https://tabelog.com/tw/tokyo/A1325/A132502/13056474/,"西國分寺車站 / 咖啡店, 咖啡館, 蛋糕","JPY 1,000 - JPY 1,999","JPY 1,000 - JPY 1,999",星期四
94,3.74,ブーランジェリーブルディガラ 広尾本店,https://tabelog.com/tw/tokyo/A1307/A130703/13000523/,"廣尾車站 / 麵包, 蛋糕",- JPY 999,- JPY 999,星期二
95,3.74,トラスパレンテ 学芸大学店,https://tabelog.com/tw/tokyo/A1317/A131702/13129736/,"學藝大學車站 / 麵包, 咖啡店, 蛋糕",- JPY 999,"JPY 1,000 - JPY 1,999","星期一, 星期二"
96,3.74,ノリエット,https://tabelog.com/tw/tokyo/A1318/A131809/13000687/,"下高井戶車站 / 蛋糕, 咖啡店","JPY 1,000 - JPY 1,999","JPY 1,000 - JPY 1,999","星期二, 星期三"
97,3.73,ゼロワンカレーA.o.D,https://tabelog.com/tw/tokyo/A1314/A131402/13239329/,"田町車站 / 印度料理, 印度咖哩, 蛋糕","JPY 2,000 - JPY 2,999","JPY 1,000 - JPY 1,999",-
98,3.73,ディゾン 水道橋,https://tabelog.com/tw/tokyo/A1310/A131003/13182399/,"水道橋車站 / 咖啡店, 蛋糕","JPY 2,000 - JPY 2,999","JPY 2,000 - JPY 2,999",-
99,3.73,ル カフェドゥ ジョエル・ロブション 日本橋高島屋店,https://tabelog.com/tw/tokyo/A1302/A130202/13009090/,"日本橋車站 / 咖啡店, 蛋糕, 法式料理","JPY 1,000 - JPY 1,999","JPY 1,000 - JPY 1,999",-
100,3.73,ビヤンネートル,https://tabelog.com/tw/tokyo/A1318/A131811/13113676/,"代代木上原車站 / 蛋糕, 咖啡店, 刨冰",- JPY 999,- JPY 999,-
101,3.73,イエンセン,https://tabelog.com/tw/tokyo/A1318/A131810/13007309/,"代代木八幡車站 / 麵包, 蛋糕",-,- JPY 999,"星期日, 節假日"
102,3.72,Paul Bassett 新宿,https://tabelog.com/tw/tokyo/A1304/A130401/13026041/,"西新宿車站 / 咖啡店, 蛋糕, 麵包",- JPY 999,- JPY 999,-
103,3.72,カフェーパウリスタ,https://tabelog.com/tw/tokyo/A1301/A130103/13002648/,"新橋車站 / 咖啡店, 蛋糕",-,"JPY 1,000 - JPY 1,999",-
104,3.72,ザ・リッツ・カールトン カフェ＆デリ,https://tabelog.com/tw/tokyo/A1307/A130701/13037995/,"六本木車站 / 咖啡店, 麵包, 蛋糕","JPY 3,000 - JPY 3,999","JPY 2,000 - JPY 2,999",-
105,3.71,Paul Bassett 渋谷ヒカリエ ＳｈiｎＱｓ 東横のれん街店,https://tabelog.com/tw/tokyo/A1303/A130301/13140156/,"澀谷車站 / 咖啡店, 蛋糕, 鬆餅",- JPY 999,- JPY 999,-
106,3.71,神田伯剌西爾,https://tabelog.com/tw/tokyo/A1310/A131003/13011590/,"神保町車站 / 咖啡館, 咖啡店, 蛋糕",- JPY 999,- JPY 999,-
107,3.71,カフェ マメヒコ 三軒茶屋本店,https://tabelog.com/tw/tokyo/A1317/A131706/13021745/,"三軒茶屋車站 / 咖啡店, 蛋糕, 意式冰淇淋/冰淇淋","JPY 1,000 - JPY 1,999","JPY 1,000 - JPY 1,999",-
108,3.71,ヴェルデ,https://tabelog.com/tw/tokyo/A1303/A130302/13050095/,"代官山車站 / 咖啡館, 咖啡店, 蛋糕",- JPY 999,- JPY 999,星期四
109,3.71,Cafe Tram,https://tabelog.com/tw/tokyo/A1303/A130302/13170379/,"惠比壽車站 / 咖啡店, 咖啡館, 蛋糕",-,"JPY 1,000 - JPY 1,999","星期一, 星期二"
110,3.71,すみだ珈琲,https://tabelog.com/tw/tokyo/A1312/A131201/13120781/,"錦糸町車站 / 咖啡店, 咖啡館, 蛋糕","JPY 1,000 - JPY 1,999","JPY 1,000 - JPY 1,999","星期六, 星期日, 節假日"
111,3.71,セル・オ・ブレ,https://tabelog.com/tw/tokyo/A1317/A131710/13044661/,"武藏小山車站 / 麵包, 三明治, 蛋糕",- JPY 999,-,"星期一, 星期日"
112,3.70,自家焙煎珈琲 凡,https://tabelog.com/tw/tokyo/A1304/A130401/13000735/,"新宿西口車站 / 咖啡館, 咖啡店, 蛋糕","JPY 3,000 - JPY 3,999","JPY 1,000 - JPY 1,999",-
113,3.70,ハドソンマーケットベーカーズ,https://tabelog.com/tw/tokyo/A1307/A130702/13144811/,"麻布十番車站 / 蛋糕, 咖啡店","JPY 1,000 - JPY 1,999","JPY 1,000 - JPY 1,999",-
114,3.70,カフェ・アンセーニュ・ダングル 自由が丘店,https://tabelog.com/tw/tokyo/A1317/A131703/13017724/,"自由丘車站 / 咖啡館, 咖啡店, 蛋糕","JPY 1,000 - JPY 1,999","JPY 1,000 - JPY 1,999",-
115,3.70,石田屋,https://tabelog.com/tw/tokyo/A1322/A132203/13003807/,"上板橋車站 / 日式點心, 蛋糕, 銅鑼燒",- JPY 999,-,星期二
116,3.69,Nicolai Bergmann NOMU aoyama,https://tabelog.com/tw/tokyo/A1306/A130602/13121811/,"表參道車站 / 咖啡店, 蛋糕, 三明治","JPY 2,000 - JPY 2,999","JPY 2,000 - JPY 2,999",-
117,3.69,ブルー・ブリック・ラウンジ,https://tabelog.com/tw/tokyo/A1306/A130602/13004798/,"表參道車站 / 咖啡店, 法式料理, 蛋糕","JPY 4,000 - JPY 4,999","JPY 1,000 - JPY 1,999",-
118,3.69,ローズベーカリー 銀座,https://tabelog.com/tw/tokyo/A1301/A130101/13138416/,"銀座車站 / 咖啡店, 麵包, 蛋糕","JPY 1,000 - JPY 1,999","JPY 1,000 - JPY 1,999",-
119,3.69,パティスリー イーズ,https://tabelog.com/tw/tokyo/A1302/A130202/13246269/,茅場町車站 / 蛋糕,- JPY 999,- JPY 999,星期三
120,3.69,ローヤル珈琲店 本店,https://tabelog.com/tw/tokyo/A1311/A131102/13008614/,"淺草車站 / 咖啡館, 三明治, 蛋糕",-,- JPY 999,-
121,3.69,珈琲亭 ルアン,https://tabelog.com/tw/tokyo/A1315/A131502/13008294/,"大森車站 / 咖啡館, 咖啡店, 蛋糕",-,- JPY 999,"星期三, 星期四"
122,3.69,ショコラティエ・エリカ,https://tabelog.com/tw/tokyo/A1316/A131602/13001875/,"白金台車站 / 巧克力, 咖啡店, 蛋糕",-,"JPY 2,000 - JPY 2,999",-
123,3.69,365日,https://tabelog.com/tw/tokyo/A1318/A131810/13263836/,"代代木八幡車站 / 麵包, 蛋糕","JPY 1,000 - JPY 1,999",-,-
124,3.69,スイーツ＆デリ,https://tabelog.com/tw/tokyo/A1302/A130201/13141136/,"大手町車站 / 蛋糕, 麵包, 巧克力",- JPY 999,- JPY 999,-
125,3.68,ラ･メゾン･デュ･ショコラ 丸の内店,https://tabelog.com/tw/tokyo/A1301/A130102/13000036/,"有樂町車站 / 巧克力, 蛋糕, 咖啡店",-,"JPY 3,000 - JPY 3,999",-
126,3.68,ASAKO IWAYANAGI SALON DE THE,https://tabelog.com/tw/tokyo/A1317/A131715/13264608/,"等等力車站 / 咖啡店, 蛋糕","JPY 3,000 - JPY 3,999","JPY 3,000 - JPY 3,999","星期一, 星期二"
127,3.68,和光 ケーキ＆チョコレートショップ,https://tabelog.com/tw/tokyo/A1301/A130101/13004100/,"銀座車站 / 蛋糕, 巧克力","JPY 2,000 - JPY 2,999",-,-
128,3.67,リベルターブル 赤坂店,https://tabelog.com/tw/tokyo/A1308/A130801/13160987/,"赤坂車站 / 蛋糕, 咖啡店, 麵包",- JPY 999,"JPY 1,000 - JPY 1,999","星期一, 星期日"
129,3.67,オー・メルベイユ・ドゥ・フレッド,https://tabelog.com/tw/tokyo/A1309/A130905/13246571/,"神樂坂車站 / 蛋糕, 咖啡店, 西式甜點","JPY 1,000 - JPY 1,999","JPY 1,000 - JPY 1,999",-
130,3.67,equilibre,https://tabelog.com/tw/tokyo/A1317/A131710/13269549/,"不動前車站 / 蛋糕, 巧克力, 西式甜點",-,"JPY 2,000 - JPY 2,999","星期二, 星期三"
131,3.67,うぐいすと穀雨,https://tabelog.com/tw/tokyo/A1305/A130502/13178579/,"雜司谷車站 / 咖啡店, 麵包, 蛋糕",-,"JPY 1,000 - JPY 1,999","星期一, 星期二, 星期三, 星期五"
132,3.66,カフェ・ミケランジェロ,https://tabelog.com/tw/tokyo/A1303/A130303/13003369/,"代官山車站 / 咖啡店, 義大利料理, 蛋糕","JPY 2,000 - JPY 2,999","JPY 1,000 - JPY 1,999",星期三
133,3.66,ガーデンラウンジ,https://tabelog.com/tw/tokyo/A1308/A130803/13009058/,"赤坂見附車站 / 咖啡店, 蛋糕, 西式自助餐",-,"JPY 6,000 - JPY 7,999",-
134,3.66,グーテ・ド・ママン,https://tabelog.com/tw/tokyo/A1314/A131402/13007218/,"白金高輪車站 / 蛋糕, 咖啡館",-,"JPY 1,000 - JPY 1,999","星期一, 星期日"
135,3.66,ボン クール,https://tabelog.com/tw/tokyo/A1310/A131002/13009032/,"新日本橋車站 / 麵包, 咖啡店, 蛋糕",-,- JPY 999,"星期日, 節假日"
136,3.66,マ・プリエール,https://tabelog.com/tw/tokyo/A1320/A132002/13030751/,"三鷹車站 / 蛋糕, 巧克力",- JPY 999,-,-
137,3.66,山本道子の店,https://tabelog.com/tw/tokyo/A1308/A130803/13006397/,"半藏門車站 / 西式甜點, 蛋糕",-,-,"星期日, 節假日"
138,3.66,ペストリー ブティック,https://tabelog.com/tw/tokyo/A1304/A130401/13004200/,"初台車站 / 蛋糕, 麵包, 三明治","JPY 2,000 - JPY 2,999",-,-
139,3.65,BELTZ,https://tabelog.com/tw/tokyo/A1303/A130302/13225735/,"惠比壽車站 / 蛋糕, 甜食",-,"JPY 1,000 - JPY 1,999",星期三
140,3.65,田村町 木村屋 本店,https://tabelog.com/tw/tokyo/A1301/A130103/13060103/,"內幸町車站 / 蛋糕, 咖啡店, 麵包",- JPY 999,- JPY 999,"星期六, 星期日, 節假日"
141,3.65,ラ・ローズ・ジャポネ,https://tabelog.com/tw/tokyo/A1324/A132403/13218730/,"龜有車站 / 蛋糕, 咖啡店, 西式甜點",- JPY 999,- JPY 999,"星期二, 星期三"
142,3.65,Equal,https://tabelog.com/tw/tokyo/A1318/A131807/13239174/,幡谷車站 / 蛋糕,-,"JPY 1,000 - JPY 1,999","星期一, 星期二, 星期三"
143,3.65,自由が丘ロール屋,https://tabelog.com/tw/tokyo/A1317/A131703/13003287/,自由丘車站 / 蛋糕,"JPY 1,000 - JPY 1,999",-,"星期二, 星期三"
144,3.65,Tea＆Cake Grace,https://tabelog.com/tw/tokyo/A1319/A131907/13006640/,"西荻窪車站 / 蛋糕, 咖啡店","JPY 1,000 - JPY 1,999","JPY 1,000 - JPY 1,999","星期一, 星期日"
145,3.65,ペストリーショップ,https://tabelog.com/tw/tokyo/A1308/A130802/13169030/,"虎之門Hills車站 / 蛋糕, 麵包, 咖啡店",- JPY 999,"JPY 3,000 - JPY 3,999",-
146,3.65,粉と卵,https://tabelog.com/tw/tokyo/A1317/A131711/13008202/,"奧澤車站 / 蛋糕, 巧克力, 西式甜點",- JPY 999,-,星期一
147,3.65,パティスリー ラ ヴィ ドゥース,https://tabelog.com/tw/tokyo/A1309/A130903/13004306/,"曙橋車站 / 蛋糕, 咖啡店",- JPY 999,"JPY 1,000 - JPY 1,999",星期一
148,3.65,エクラデジュール 東陽町本店,https://tabelog.com/tw/tokyo/A1313/A131303/13173344/,"東陽町車站 / 蛋糕, 麵包",- JPY 999,- JPY 999,"星期一, 星期二, 星期三"
149,3.65,ラ・パティスリー by アマン東京,https://tabelog.com/tw/tokyo/A1302/A130201/13262844/,"大手町車站 / 蛋糕, 西式甜點, 麵包",- JPY 999,- JPY 999,星期日
150,3.65,ル ガリュウＭ,https://tabelog.com/tw/tokyo/A1315/A131502/13049633/,"大森車站 / 蛋糕, 麵包, 咖啡店","JPY 1,000 - JPY 1,999","JPY 1,000 - JPY 1,999","星期二, 星期三"
151,3.65,トシ・ヨロイヅカ アトリエ,https://tabelog.com/tw/tokyo/A1318/A131809/13096728/,"八幡山車站 / 蛋糕, 西式甜點, 巧克力",- JPY 999,- JPY 999,星期二
152,3.65,ルスルス 浅草店,https://tabelog.com/tw/tokyo/A1311/A131102/13144404/,"淺草車站 / 西式甜點, 咖啡店, 蛋糕",-,"JPY 1,000 - JPY 1,999","星期一, 星期日"
153,3.65,MONICA,https://tabelog.com/tw/tokyo/A1303/A130301/13274523/,"表參道車站 / 麵包, 西式甜點, 蛋糕",-,- JPY 999,-
154,3.65,ラデュレ  日本橋店,https://tabelog.com/tw/tokyo/A1302/A130202/13056234/,"三越前車站 / 馬卡龍, 蛋糕",- JPY 999,-,-
155,3.65,ル・グッテ,https://tabelog.com/tw/tokyo/A1311/A131103/13094048/,淺草橋車站 / 蛋糕,-,-,"星期一, 星期二, 星期三, 星期六, 星期日"
156,3.65,ルエールサンク,https://tabelog.com/tw/tokyo/A1302/A130202/13140161/,"寶町車站 / 蛋糕, 麵包, 馬卡龍",- JPY 999,-,"星期一, 星期六, 星期日, 節假日"
157,3.65,ルラシオン,https://tabelog.com/tw/tokyo/A1318/A131809/13152985/,蘆花公園車站 / 蛋糕,- JPY 999,-,"星期一, 星期二"
158,3.65,コティ,https://tabelog.com/tw/tokyo/A1320/A132002/13078859/,三鷹車站 / 蛋糕,- JPY 999,-,"星期一, 星期四"
159,3.65,Patisserie Boulangerie Les Alternatives,https://tabelog.com/tw/tokyo/A1325/A132501/13268302/,"東小金井車站 / 蛋糕, 麵包",-,- JPY 999,"星期一, 星期二"
160,3.64,パティスリー・サダハル・アオキ・パリ 丸の内店,https://tabelog.com/tw/tokyo/A1301/A130102/13018800/,"有樂町車站 / 蛋糕, 馬卡龍","JPY 2,000 - JPY 2,999",-,-
161,3.64,レモンパイ,https://tabelog.com/tw/tokyo/A1311/A131102/13008621/,田原町車站 / 蛋糕,"JPY 1,000 - JPY 1,999",-,"星期一, 星期日"
162,3.64,えだおね,https://tabelog.com/tw/tokyo/A1319/A131906/13161794/,"荻窪車站 / 麵包, 蛋糕, 咖啡店",- JPY 999,- JPY 999,"星期二, 星期三"
163,3.64,ル ショコラ ドゥ アッシュ 銀座本店,https://tabelog.com/tw/tokyo/A1301/A130101/13182140/,"銀座車站 / 巧克力, 馬卡龍, 蛋糕","JPY 2,000 - JPY 2,999",-,-
164,3.64,UN GRAIN,https://tabelog.com/tw/tokyo/A1306/A130602/13189012/,"表參道車站 / 西式甜點, 蛋糕, 咖啡店",-,"JPY 3,000 - JPY 3,999",星期三
165,3.64,パティスリー アンカド,https://tabelog.com/tw/tokyo/A1327/A132701/13231679/,"町田車站 / 蛋糕, 西式甜點, 咖啡店",- JPY 999,- JPY 999,星期二
166,3.64,DOLCE TACUBO,https://tabelog.com/tw/tokyo/A1303/A130303/13266450/,"代官山車站 / 西式甜點, 意式冰淇淋/冰淇淋, 蛋糕","JPY 1,000 - JPY 1,999","JPY 1,000 - JPY 1,999",-
167,3.64,ノワ・ドゥ・ブール 銀座三越店,https://tabelog.com/tw/tokyo/A1301/A130101/13250832/,"銀座車站 / 蛋糕, 西式甜點",- JPY 999,-,-
168,3.64,モンブランスタイル,https://tabelog.com/tw/tokyo/A1318/A131810/13221894/,"代代木八幡車站 / 蛋糕, 西式甜點","JPY 3,000 - JPY 3,999","JPY 3,000 - JPY 3,999",-
169,3.64,アラボンヌー 赤坂店,https://tabelog.com/tw/tokyo/A1308/A130801/13007872/,"赤坂車站 / 蛋糕, 咖啡店",- JPY 999,- JPY 999,"星期日, 節假日"
170,3.63,七つ森,https://tabelog.com/tw/tokyo/A1319/A131904/13000675/,"新高圓寺車站 / 咖啡館, 咖啡店, 蛋糕","JPY 1,000 - JPY 1,999","JPY 1,000 - JPY 1,999",-
171,3.63,bubó BARCELONA 表参道店,https://tabelog.com/tw/tokyo/A1306/A130601/13203821/,"表參道車站 / 巧克力, 蛋糕, 咖啡店",-,"JPY 1,000 - JPY 1,999",-
172,3.63,カフェ ウィーン 日本橋三越本店,https://tabelog.com/tw/tokyo/A1302/A130202/13011194/,"三越前車站 / 咖啡館, 咖啡店, 蛋糕","JPY 1,000 - JPY 1,999","JPY 1,000 - JPY 1,999",-
173,3.63,パティスリーレセンシエル,https://tabelog.com/tw/tokyo/A1323/A132302/13174296/,"茗荷谷車站 / 蛋糕, 咖啡店","JPY 1,000 - JPY 1,999","JPY 1,000 - JPY 1,999",星期四
174,3.63,メルシーベイク,https://tabelog.com/tw/tokyo/A1317/A131709/13170879/,"松陰神社前車站 / 蛋糕, 咖啡店",-,- JPY 999,星期四
175,3.63,レ サンク エピス,https://tabelog.com/tw/tokyo/A1315/A131501/13123405/,"青物横丁車站 / 蛋糕, 麵包, 咖啡店",- JPY 999,"JPY 1,000 - JPY 1,999",星期一
176,3.63,カイルズ・グッド・ファインズ,https://tabelog.com/tw/tokyo/A1319/A131902/13006929/,"新井藥師前車站 / 蛋糕, 麵包, 美國料理",-,- JPY 999,星期一
177,3.63,手作りちーずけーきせんもん店　やまぐち,https://tabelog.com/tw/tokyo/A1317/A131702/13047831/,都立大學車站 / 蛋糕,- JPY 999,-,"星期二, 星期三"
178,3.63,アサコ イワヤナギ プリュス,https://tabelog.com/tw/tokyo/A1317/A131715/13226934/,"等等力車站 / 蛋糕, 巧克力, 意式冰淇淋/冰淇淋",- JPY 999,- JPY 999,"星期一, 星期二"
179,3.63,アンフィニ,https://tabelog.com/tw/tokyo/A1317/A131715/13243655/,九品佛車站 / 蛋糕,-,"JPY 1,000 - JPY 1,999",星期三
180,3.63,オクトーブル,https://tabelog.com/tw/tokyo/A1317/A131706/13154775/,西太子堂車站 / 蛋糕,- JPY 999,- JPY 999,"星期二, 星期三"
181,3.63,MAHL ZEIT,https://tabelog.com/tw/tokyo/A1323/A132302/13060747/,"茗荷谷車站 / 麵包, 蛋糕, 三明治",- JPY 999,-,"星期一, 星期二, 星期日, 節假日"
182,3.63,CONFECT-CONCEPT,https://tabelog.com/tw/tokyo/A1311/A131101/13258304/,稻荷町車站 / 蛋糕,-,-,星期一
183,3.63,L'ESSOR,https://tabelog.com/tw/tokyo/A1306/A130603/13297639/,"外苑前車站 / 法式料理, 葡萄酒酒吧, 蛋糕","JPY 20,000 - JPY 29,999","JPY 10,000 - JPY 14,999",星期三
184,3.62,仏蘭西屋,https://tabelog.com/tw/tokyo/A1301/A130101/13059121/,"銀座車站 / 咖啡館, 三明治, 蛋糕","JPY 1,000 - JPY 1,999","JPY 1,000 - JPY 1,999",-
185,3.62,サニーヒルズ,https://tabelog.com/tw/tokyo/A1306/A130602/13163569/,"表參道車站 / 中式點心, 甜食, 蛋糕","JPY 1,000 - JPY 1,999","JPY 1,000 - JPY 1,999",-
186,3.62,パティスリーヨシノリアサミ,https://tabelog.com/tw/tokyo/A1323/A132301/13187756/,"巢鴨車站 / 蛋糕, 西式甜點","JPY 1,000 - JPY 1,999",-,"星期二, 星期三"
187,3.62,プリンチ 代官山T-SITE,https://tabelog.com/tw/tokyo/A1303/A130303/13237363/,"代官山車站 / 麵包, 蛋糕, 咖啡店","JPY 1,000 - JPY 1,999","JPY 1,000 - JPY 1,999",-
188,3.62,カフェ木村家,https://tabelog.com/tw/tokyo/A1301/A130101/13023059/,"銀座車站 / 咖啡店, 麵包, 蛋糕","JPY 1,000 - JPY 1,999","JPY 1,000 - JPY 1,999",-
189,3.62,パティシエ シマ,https://tabelog.com/tw/tokyo/A1308/A130803/13000285/,"麴町車站 / 蛋糕, 巧克力, 西式甜點",-,"JPY 1,000 - JPY 1,999","星期日, 節假日"
190,3.62,パスカル・ル・ガック 東京,https://tabelog.com/tw/tokyo/A1308/A130802/13230508/,"溜池山王車站 / 巧克力, 蛋糕, 咖啡店","JPY 3,000 - JPY 3,999","JPY 1,000 - JPY 1,999",星期日
191,3.62,洋菓子ヴィヨン,https://tabelog.com/tw/tokyo/A1317/A131707/13023844/,"櫻新町車站 / 年輪蛋糕, 蛋糕, 巧克力",-,- JPY 999,-
192,3.62,巴裡 小川軒 サロン・ド・テ 新橋店,https://tabelog.com/tw/tokyo/A1301/A130103/13143677/,"新橋車站 / 咖啡店, 咖啡館, 蛋糕","JPY 1,000 - JPY 1,999","JPY 1,000 - JPY 1,999","星期日, 節假日"
193,3.62,エリティエ,https://tabelog.com/tw/tokyo/A1323/A132301/13130758/,"白山車站 / 蛋糕, 咖啡店","JPY 1,000 - JPY 1,999",- JPY 999,星期二
194,3.62,ゴンドラ,https://tabelog.com/tw/tokyo/A1309/A130904/13022609/,"市谷車站 / 蛋糕, 西式甜點",- JPY 999,-,"星期日, 節假日"
195,3.62,メゾン・ド・プティ・フール 本店,https://tabelog.com/tw/tokyo/A1317/A131713/13003321/,"西馬込車站 / 蛋糕, 麵包",-,-,"星期二, 星期三"
196,3.62,キャトルセゾン,https://tabelog.com/tw/tokyo/A1318/A131809/13006587/,千歲烏山車站 / 蛋糕,- JPY 999,-,"星期三, 星期四"
197,3.62,ペストリーショップ,https://tabelog.com/tw/tokyo/A1303/A130301/13056062/,"澀谷車站 / 蛋糕, 麵包","JPY 1,000 - JPY 1,999","JPY 1,000 - JPY 1,999",-
198,3.62,パティスリー ビガロー,https://tabelog.com/tw/tokyo/A1317/A131707/13167950/,"櫻新町車站 / 蛋糕, 咖啡店",-,"JPY 1,000 - JPY 1,999","星期二, 星期三"
199,3.62,カナム,https://tabelog.com/tw/tokyo/A1319/A131907/13115726/,西荻窪車站 / 蛋糕,- JPY 999,- JPY 999,"星期一, 星期二, 星期三, 星期四, 星期五, 星期日"
200,3.61,吉祥寺 多奈加亭,https://tabelog.com/tw/tokyo/A1320/A132001/13005806/,"吉祥寺車站 / 咖啡店, 咖啡館, 蛋糕","JPY 1,000 - JPY 1,999","JPY 1,000 - JPY 1,999",-
201,3.61,ミニマル ザ ベイキング 代々木上原店,https://tabelog.com/tw/tokyo/A1318/A131811/13235774/,"代代木上原車站 / 巧克力, 蛋糕, 咖啡店","JPY 1,000 - JPY 1,999","JPY 1,000 - JPY 1,999",-
202,3.61,ビスキュイ,https://tabelog.com/tw/tokyo/A1324/A132403/13009592/,"新柴又車站 / 蛋糕, 年輪蛋糕",- JPY 999,-,星期二
203,3.61,エシレ・ラトリエ デュ ブール,https://tabelog.com/tw/tokyo/A1307/A130704/13291710/,"神谷町車站 / 麵包, 西式甜點, 蛋糕","JPY 3,000 - JPY 3,999","JPY 3,000 - JPY 3,999",-
204,3.61,パティスリー ロータス,https://tabelog.com/tw/tokyo/A1319/A131907/13210549/,"西荻窪車站 / 蛋糕, 咖啡店","JPY 1,000 - JPY 1,999","JPY 1,000 - JPY 1,999",星期二
205,3.61,アルカション 練馬店,https://tabelog.com/tw/tokyo/A1321/A132102/13191018/,"練馬車站 / 蛋糕, 麵包","JPY 1,000 - JPY 1,999",-,星期二
206,3.61,シヅカ洋菓子店,https://tabelog.com/tw/tokyo/A1314/A131402/13257906/,"白金高輪車站 / 蛋糕, 西式甜點",-,"JPY 1,000 - JPY 1,999",星期二
207,3.61,サロン・ド・テ・ミュゼ　イマダミナコ 新宿タカシマヤ店,https://tabelog.com/tw/tokyo/A1304/A130403/13091817/,"新宿車站 / 咖啡店, 蛋糕","JPY 1,000 - JPY 1,999","JPY 1,000 - JPY 1,999",-
208,3.61,ル・ジャルダン・ブルー,https://tabelog.com/tw/tokyo/A1327/A132702/13023266/,"京王永山車站 / 蛋糕, 咖啡店",- JPY 999,- JPY 999,"星期一, 星期二, 星期三"
209,3.61,穂の香 自由が丘店,https://tabelog.com/tw/tokyo/A1317/A131715/13138328/,"九品佛車站 / 麵包, 蛋糕",- JPY 999,-,星期一
210,3.61,オ・プティ・フリアンディーズ,https://tabelog.com/tw/tokyo/A1317/A131708/13055749/,"二子玉川車站 / 麵包, 蛋糕, 甜食",- JPY 999,-,-
211,3.61,ルルベ デセール,https://tabelog.com/tw/tokyo/A1314/A131401/13275451/,"赤羽橋車站 / 甜食, 蛋糕, 咖啡店",-,"JPY 2,000 - JPY 2,999","星期三, 星期四"
212,3.61,エーケーラボ,https://tabelog.com/tw/tokyo/A1320/A132002/13161208/,"三鷹車站 / 蛋糕, 咖啡店, 麵包",- JPY 999,-,-
213,3.61,デセール ル コントワール,https://tabelog.com/tw/tokyo/A1317/A131715/13108815/,"等等力車站 / 甜食, 蛋糕, 西式甜點","JPY 20,000 - JPY 29,999",-,-
214,3.61,パティスリー コテ デュ ボワ,https://tabelog.com/tw/tokyo/A1320/A132001/13049459/,"三鷹車站 / 蛋糕, 咖啡店","JPY 1,000 - JPY 1,999",-,-
215,3.60,LOUANGE TOKYO Le Musée,https://tabelog.com/tw/tokyo/A1301/A130101/13258105/,"銀座一丁目車站 / 蛋糕, 咖啡店, 鬆餅","JPY 8,000 - JPY 9,999","JPY 8,000 - JPY 9,999",-
216,3.60,ONIBUS COFFEE 自由が丘店,https://tabelog.com/tw/tokyo/A1317/A131703/13270166/,"自由丘車站 / 咖啡店, 蛋糕",- JPY 999,- JPY 999,-
217,3.60,ティーダブリュージー ティー 自由が丘,https://tabelog.com/tw/tokyo/A1317/A131703/13110903/,"自由丘車站 / 咖啡店, 蛋糕","JPY 3,000 - JPY 3,999","JPY 3,000 - JPY 3,999",-
218,3.60,ル・クシネ,https://tabelog.com/tw/tokyo/A1311/A131106/13177883/,根津車站 / 蛋糕,-,- JPY 999,-
219,3.60,いちびこ 三軒茶屋店,https://tabelog.com/tw/tokyo/A1317/A131706/13225138/,"三軒茶屋車站 / 咖啡店, 刨冰, 蛋糕",- JPY 999,- JPY 999,-
220,3.60,オザワ洋菓子店,https://tabelog.com/tw/tokyo/A1310/A131004/13055194/,本鄉三丁目車站 / 蛋糕,- JPY 999,-,"星期一, 星期日"
221,3.60,パペルブルグ,https://tabelog.com/tw/tokyo/A1329/A132904/13010298/,"八王子南野車站 / 咖啡店, 蛋糕","JPY 1,000 - JPY 1,999","JPY 1,000 - JPY 1,999",-
222,3.60,ニコラス精養堂,https://tabelog.com/tw/tokyo/A1317/A131709/13049494/,"松陰神社前車站 / 麵包, 蛋糕, 甜食",- JPY 999,-,"星期日, 節假日"
223,3.60,ルポ バイ パティスリーイーズ,https://tabelog.com/tw/tokyo/A1304/A130401/13251056/,"新宿三丁目車站 / 蛋糕, 甜食",-,-,-
224,3.60,巴裡 小川軒 目黒店,https://tabelog.com/tw/tokyo/A1317/A131702/13008192/,學藝大學車站 / 蛋糕,"JPY 1,000 - JPY 1,999","JPY 1,000 - JPY 1,999","星期日, 節假日"
225,3.60,Patisserie Chocolaterie Recit,https://tabelog.com/tw/tokyo/A1318/A131803/13266860/,"東松原車站 / 巧克力, 蛋糕, 西式甜點",-,- JPY 999,星期一
226,3.60,オーブン・ミトン,https://tabelog.com/tw/tokyo/A1325/A132501/13200583/,"武藏小金井車站 / 蛋糕, 西式甜點, 咖啡店",-,"JPY 1,000 - JPY 1,999","星期一, 星期二, 星期三, 星期四, 星期五, 星期日"
227,3.60,ラ・スプランドゥール,https://tabelog.com/tw/tokyo/A1317/A131714/13036989/,久原車站 / 蛋糕,"JPY 1,000 - JPY 1,999",-,-
228,3.59,コパン,https://tabelog.com/tw/tokyo/A1309/A130905/13087827/,"神樂坂車站 / 咖啡館, 蛋糕, 咖啡店",- JPY 999,- JPY 999,-
229,3.59,エミリー・フローゲ,https://tabelog.com/tw/tokyo/A1329/A132901/13016256/,"立川北車站 / 咖啡店, 蛋糕","JPY 1,000 - JPY 1,999","JPY 1,000 - JPY 1,999",-
230,3.59,銀座 和蘭豆,https://tabelog.com/tw/tokyo/A1301/A130101/13007781/,"銀座車站 / 咖啡館, 蛋糕",-,- JPY 999,-
231,3.59,神田珈琲園 神田北口店,https://tabelog.com/tw/tokyo/A1310/A131002/13111193/,"神田車站 / 咖啡館, 咖啡店, 蛋糕",- JPY 999,- JPY 999,-
232,3.59,ミラノ ドルチェ トレ・スパーデ,https://tabelog.com/tw/tokyo/A1307/A130702/13186012/,"麻布十番車站 / 布丁, 蛋糕, 咖啡店","JPY 1,000 - JPY 1,999",- JPY 999,-
233,3.59,BIEN-ETRE MAISON,https://tabelog.com/tw/tokyo/A1318/A131811/13271828/,"代代木上原車站 / 咖啡店, 蛋糕",-,"JPY 2,000 - JPY 2,999",星期四
234,3.59,ラデュレ 新宿店,https://tabelog.com/tw/tokyo/A1304/A130401/13140084/,"新宿車站 / 甜食, 馬卡龍, 蛋糕","JPY 1,000 - JPY 1,999",-,-
235,3.58,サロン ベイクアンドティー,https://tabelog.com/tw/tokyo/A1304/A130401/13193544/,"新宿車站 / 咖啡店, 蛋糕","JPY 2,000 - JPY 2,999","JPY 2,000 - JPY 2,999",-
236,3.58,カフェ　ムルソー,https://tabelog.com/tw/tokyo/A1311/A131102/13008610/,"淺草車站 / 咖啡店, 蛋糕, 餐酒吧","JPY 3,000 - JPY 3,999","JPY 2,000 - JPY 2,999",-
237,3.58,カナルカフェブティック,https://tabelog.com/tw/tokyo/A1309/A130905/13120158/,"飯田橋車站 / 咖啡店, 巧克力, 蛋糕","JPY 1,000 - JPY 1,999","JPY 1,000 - JPY 1,999",-
238,3.58,アム ストラム グラム,https://tabelog.com/tw/tokyo/A1303/A130302/13254145/,代官山車站 / 蛋糕,-,"JPY 1,000 - JPY 1,999",星期二
239,3.58,カフェ・ハイチ 新宿センタービル店,https://tabelog.com/tw/tokyo/A1304/A130401/13019157/,"都廳前車站 / 咖啡店, 蛋糕, 咖喱",-,- JPY 999,-
240,3.58,ランデブーラウンジ・バー,https://tabelog.com/tw/tokyo/A1301/A130102/13019119/,"日比谷車站 / 咖啡店, 酒吧, 蛋糕","JPY 3,000 - JPY 3,999","JPY 2,000 - JPY 2,999",-
241,3.58,クレーム デ ラ クレーム 六本木ヒルズ店,https://tabelog.com/tw/tokyo/A1307/A130701/13154475/,"六本木車站 / 泡芙, 蛋糕",- JPY 999,-,-
242,3.58,ホルン,https://tabelog.com/tw/tokyo/A1318/A131810/13256319/,"代代木八幡車站 / 蛋糕, 麵包, 可麗餅/法式薄餅","JPY 1,000 - JPY 1,999",-,-
243,3.58,メイカセブン,https://tabelog.com/tw/tokyo/A1312/A131202/13045284/,"大島車站 / 麵包, 蛋糕, 咖啡館",- JPY 999,- JPY 999,星期一
244,3.58,LOU,https://tabelog.com/tw/tokyo/A1319/A131902/13261085/,"中野車站 / 咖啡店, 蛋糕, 西式甜點","JPY 3,000 - JPY 3,999","JPY 1,000 - JPY 1,999",星期三
245,3.58,リジーグ,https://tabelog.com/tw/tokyo/A1304/A130401/13043279/,"新宿三丁目車站 / 咖啡店, 三明治, 蛋糕","JPY 2,000 - JPY 2,999","JPY 2,000 - JPY 2,999",-
246,3.58,アレ,https://tabelog.com/tw/tokyo/A1306/A130602/13267636/,"表參道車站 / 咖啡店, 蛋糕","JPY 1,000 - JPY 1,999","JPY 1,000 - JPY 1,999",-
247,3.58,ジュウニブンベーカリーカフェ,https://tabelog.com/tw/tokyo/A1317/A131706/13246758/,"三軒茶屋車站 / 咖啡店, 蛋糕, 三明治","JPY 1,000 - JPY 1,999","JPY 1,000 - JPY 1,999",-
248,3.58,ラヴィアンレーヴ,https://tabelog.com/tw/tokyo/A1324/A132404/13173833/,"梅島車站 / 蛋糕, 咖啡店","JPY 1,000 - JPY 1,999","JPY 1,000 - JPY 1,999",-
249,3.58,カボチャ,https://tabelog.com/tw/tokyo/A1317/A131706/13257257/,西太子堂車站 / 蛋糕,"JPY 1,000 - JPY 1,999",-,星期一
250,3.58,かふぇ あっぷる,https://tabelog.com/tw/tokyo/A1302/A130204/13036682/,"人形町車站 / 咖啡店, 蛋糕","JPY 1,000 - JPY 1,999","JPY 1,000 - JPY 1,999","星期一, 星期日"
251,3.58,ラ・テール洋菓子店,https://tabelog.com/tw/tokyo/A1317/A131705/13004810/,池尻大橋車站 / 蛋糕,- JPY 999,-,星期二
252,3.58,ジュウニブン ベーカリー 渋谷店,https://tabelog.com/tw/tokyo/A1303/A130301/13261269/,"澀谷車站 / 麵包, 西式甜點, 蛋糕",- JPY 999,-,-
253,3.57,ノア カフェ 銀座店,https://tabelog.com/tw/tokyo/A1301/A130101/13002704/,"銀座車站 / 咖啡店, 蛋糕, 咖啡館","JPY 1,000 - JPY 1,999",- JPY 999,-
254,3.57,カフェ ザ サン リブズ ヒア,https://tabelog.com/tw/tokyo/A1317/A131706/13145455/,"三軒茶屋車站 / 咖啡店, 蛋糕, 甜食",- JPY 999,- JPY 999,-
255,3.57,uni CAFE,https://tabelog.com/tw/tokyo/A1312/A131201/13225581/,"錦糸町車站 / 咖啡店, 蛋糕","JPY 2,000 - JPY 2,999","JPY 1,000 - JPY 1,999",-
256,3.57,御茶ノ水 小川軒,https://tabelog.com/tw/tokyo/A1310/A131002/13005532/,"御茶之水車站 / 西式料理, 蛋糕, 咖啡店","JPY 1,000 - JPY 1,999","JPY 2,000 - JPY 2,999","星期日, 節假日"
257,3.57,カフェ オトノヴァ,https://tabelog.com/tw/tokyo/A1311/A131102/13158341/,"淺草車站 / 咖啡店, 義大利料理, 蛋糕","JPY 3,000 - JPY 3,999","JPY 1,000 - JPY 1,999",-
258,3.57,アンヴデット,https://tabelog.com/tw/tokyo/A1313/A131303/13201342/,清澄白河車站 / 蛋糕,"JPY 1,000 - JPY 1,999",-,"星期二, 星期三"
259,3.57,松涛カフェ 渋谷本店,https://tabelog.com/tw/tokyo/A1303/A130301/13215570/,"神泉車站 / 咖啡店, 蛋糕, 麵包","JPY 1,000 - JPY 1,999","JPY 1,000 - JPY 1,999",星期一
260,3.57,ディゾン 人形町,https://tabelog.com/tw/tokyo/A1302/A130204/13257415/,"人形町車站 / 咖啡店, 蛋糕","JPY 1,000 - JPY 1,999","JPY 1,000 - JPY 1,999",-
261,3.57,レ・アントルメ国立,https://tabelog.com/tw/tokyo/A1325/A132503/13006001/,"國立車站 / 蛋糕, 麵包","JPY 1,000 - JPY 1,999",- JPY 999,星期三
262,3.57,パティスリーQBG エキュート品川店,https://tabelog.com/tw/tokyo/A1314/A131403/13019780/,"品川車站 / 蛋糕, 西式甜點","JPY 1,000 - JPY 1,999",-,-
263,3.57,クリオロ 麻布台ヒルズ店,https://tabelog.com/tw/tokyo/A1307/A130704/13290873/,"神谷町車站 / 蛋糕, 西式甜點",- JPY 999,-,-
264,3.57,ルノートル 銀座三越店,https://tabelog.com/tw/tokyo/A1301/A130101/13233008/,"銀座車站 / 蛋糕, 巧克力",-,"JPY 3,000 - JPY 3,999",-
265,3.57,MUTO coffee roastery,https://tabelog.com/tw/tokyo/A1319/A131902/13173656/,"中野車站 / 咖啡店, 蛋糕",- JPY 999,- JPY 999,"星期三, 星期四"
266,3.57,フラクタス,https://tabelog.com/tw/tokyo/A1303/A130301/13239851/,"澀谷車站 / 蛋糕, 西式甜點",- JPY 999,-,-
267,3.57,藤の木,https://tabelog.com/tw/tokyo/A1319/A131907/13047497/,"西荻窪車站 / 麵包, 蛋糕",- JPY 999,- JPY 999,"星期日, 節假日"
268,3.57,PATISSERIE TATSUYA SASAKI,https://tabelog.com/tw/tokyo/A1329/A132904/13137859/,"西八王子車站 / 蛋糕, 麵包",-,-,星期一
269,3.57,via A,https://tabelog.com/tw/tokyo/A1324/A132404/13238919/,"五反野車站 / 披薩, 義大利料理, 蛋糕","JPY 4,000 - JPY 4,999","JPY 1,000 - JPY 1,999","星期二, 星期三"
270,3.56,A to Z cafe,https://tabelog.com/tw/tokyo/A1306/A130602/13021722/,"表參道車站 / 咖啡店, 啤酒屋, 蛋糕","JPY 1,000 - JPY 1,999","JPY 1,000 - JPY 1,999",-
271,3.56,ジャン＝ポール・エヴァン 伊勢丹新宿本店,https://tabelog.com/tw/tokyo/A1304/A130401/13000854/,"新宿三丁目車站 / 巧克力, 蛋糕, 咖啡店","JPY 2,000 - JPY 2,999","JPY 2,000 - JPY 2,999",-
272,3.56,銀座千疋屋 銀座本店 フルーツパーラー,https://tabelog.com/tw/tokyo/A1301/A130101/13002625/,"銀座車站 / 水果聖代, 咖啡店, 蛋糕","JPY 1,000 - JPY 1,999","JPY 3,000 - JPY 3,999",-
273,3.56,ラ・メゾン・キオイ,https://tabelog.com/tw/tokyo/A1308/A130801/13199028/,"永田町車站 / 法式料理, 咖啡店, 蛋糕","JPY 15,000 - JPY 19,999","JPY 6,000 - JPY 7,999",星期二
274,3.56,GARIGUETTE,https://tabelog.com/tw/tokyo/A1306/A130602/13265019/,"表參道車站 / 甜食, 咖啡店, 蛋糕","JPY 1,000 - JPY 1,999","JPY 1,000 - JPY 1,999",-
275,3.56,カフェ レ ジュ グルニエ,https://tabelog.com/tw/tokyo/A1306/A130602/13007510/,"表參道車站 / 咖啡店, 蛋糕","JPY 1,000 - JPY 1,999","JPY 1,000 - JPY 1,999",-
276,3.56,家と庭,https://tabelog.com/tw/tokyo/A1306/A130602/13197962/,"表參道車站 / 咖啡店, 蛋糕, 布丁","JPY 1,000 - JPY 1,999","JPY 1,000 - JPY 1,999",-
277,3.56,RITUEL CAFE ルミネ新宿店,https://tabelog.com/tw/tokyo/A1304/A130401/13247172/,"新宿車站 / 咖啡店, 蛋糕, 義大利麵","JPY 1,000 - JPY 1,999","JPY 1,000 - JPY 1,999",-
278,3.56,IMANOフルーツファクトリー,https://tabelog.com/tw/tokyo/A1302/A130203/13099323/,"茅場町車站 / 水果聖代, 果汁吧攤, 蛋糕",- JPY 999,- JPY 999,"星期日, 節假日"
279,3.56,ブラッスリー・バーゼル 京王八王子駅前店,https://tabelog.com/tw/tokyo/A1329/A132904/13086956/,"京王八王子車站 / 咖啡店, 蛋糕","JPY 1,000 - JPY 1,999","JPY 1,000 - JPY 1,999",-
280,3.56,カフェ・グレ,https://tabelog.com/tw/tokyo/A1327/A132701/13016437/,"町田車站 / 咖啡店, 蛋糕",- JPY 999,- JPY 999,星期一
281,3.56,ル・ポミエ 麻布十番店,https://tabelog.com/tw/tokyo/A1307/A130702/13097610/,"麻布十番車站 / 蛋糕, 麵包, 咖啡店",- JPY 999,- JPY 999,-
282,3.56,サンモリッツ名花堂,https://tabelog.com/tw/tokyo/A1307/A130702/13007042/,"麻布十番車站 / 麵包, 蛋糕",- JPY 999,-,"星期一, 星期四"
283,3.56,ロッセ,https://tabelog.com/tw/tokyo/A1327/A132701/13059161/,"町田車站 / 咖啡館, 蛋糕",- JPY 999,- JPY 999,星期三
284,3.56,レピドール 田園調布店,https://tabelog.com/tw/tokyo/A1317/A131704/13003251/,"田園調布車站 / 蛋糕, 咖啡館",-,"JPY 1,000 - JPY 1,999",星期三
285,3.56,コンテナ,https://tabelog.com/tw/tokyo/A1304/A130401/13101984/,"新宿三丁目車站 / 咖啡店, 蛋糕, 甜食",-,"JPY 1,000 - JPY 1,999","星期一, 星期四, 星期日"
286,3.56,POSH,https://tabelog.com/tw/tokyo/A1313/A131303/13265384/,"清澄白河車站 / 西式甜點, 蛋糕","JPY 2,000 - JPY 2,999","JPY 2,000 - JPY 2,999",-
287,3.56,ヒロミ＆コ スイーツ＆コーヒー,https://tabelog.com/tw/tokyo/A1302/A130204/13255367/,"小傳馬町車站 / 西式甜點, 咖啡店, 蛋糕","JPY 1,000 - JPY 1,999","JPY 1,000 - JPY 1,999","星期一, 星期二, 星期三, 星期日"
288,3.56,プレリアル成城,https://tabelog.com/tw/tokyo/A1318/A131814/13005170/,"成城學園前車站 / 蛋糕, 咖啡館, 麵包","JPY 1,000 - JPY 1,999","JPY 1,000 - JPY 1,999","星期一, 星期二"
289,3.56,otaco,https://tabelog.com/tw/tokyo/A1311/A131102/13115525/,"淺草車站 / 蛋糕, 甜食",- JPY 999,-,"星期一, 星期日"
290,3.55,ウエスト青山ガーデン,https://tabelog.com/tw/tokyo/A1307/A130701/13057028/,"乃木坂車站 / 咖啡店, 蛋糕, 鬆餅","JPY 2,000 - JPY 2,999","JPY 1,000 - JPY 1,999",-
291,3.55,銀座ウエスト 銀座本店,https://tabelog.com/tw/tokyo/A1301/A130101/13002565/,"銀座車站 / 咖啡館, 蛋糕, 咖啡店","JPY 1,000 - JPY 1,999","JPY 1,000 - JPY 1,999",-
292,3.55,パティスリー・サダハル・アオキ・パリ 東京ミッドタウン店,https://tabelog.com/tw/tokyo/A1307/A130701/13037371/,"六本木車站 / 蛋糕, 咖啡店, 馬卡龍","JPY 2,000 - JPY 2,999","JPY 2,000 - JPY 2,999",-
293,3.55,フォーシーズンズカフェ,https://tabelog.com/tw/tokyo/A1313/A131305/13054425/,"西葛西車站 / 咖啡店, 蛋糕, 水果聖代","JPY 1,000 - JPY 1,999",- JPY 999,星期三
294,3.55,A WORKS,https://tabelog.com/tw/tokyo/A1317/A131702/13168995/,"學藝大學車站 / 蛋糕, 咖啡店, 葡萄酒酒吧",-,"JPY 1,000 - JPY 1,999","星期二, 星期三, 星期四, 星期五"
295,3.55,それいゆ,https://tabelog.com/tw/tokyo/A1319/A131907/13011829/,"西荻窪車站 / 咖啡館, 蛋糕","JPY 1,000 - JPY 1,999","JPY 1,000 - JPY 1,999",-
296,3.55,果実園リーベル 日比谷シャンテ店,https://tabelog.com/tw/tokyo/A1301/A130102/13265586/,"日比谷車站 / 咖啡店, 蛋糕","JPY 1,000 - JPY 1,999","JPY 1,000 - JPY 1,999",-
297,3.55,クレール ドゥ リュンヌ 本店,https://tabelog.com/tw/tokyo/A1311/A131103/13161593/,"田原町車站 / 蛋糕, 咖啡店","JPY 2,000 - JPY 2,999",-,-
298,3.55,コーヒーラウンジ マウナケア,https://tabelog.com/tw/tokyo/A1314/A131403/13013906/,"品川車站 / 咖啡店, 麵包, 蛋糕","JPY 2,000 - JPY 2,999","JPY 1,000 - JPY 1,999",-
299,3.55,ピカソル 代官山本店,https://tabelog.com/tw/tokyo/A1303/A130303/13019468/,"代官山車站 / 蛋糕, 麵包",- JPY 999,- JPY 999,-
300,3.55,バー&ラウンジ ZATTA ヒルトン東京,https://tabelog.com/tw/tokyo/A1304/A130401/13172873/,"都廳前車站 / 酒吧, 咖啡店, 蛋糕","JPY 5,000 - JPY 5,999","JPY 3,000 - JPY 3,999",-
301,3.55,ペーパー ムーン グリーンスプリングス店,https://tabelog.com/tw/tokyo/A1329/A132901/13249204/,"立川北車站 / 咖啡店, 蛋糕","JPY 1,000 - JPY 1,999","JPY 1,000 - JPY 1,999",-
302,3.55,feuquiage,https://tabelog.com/tw/tokyo/A1326/A132601/13264560/,調布車站 / 蛋糕,-,-,星期二
303,3.55,パティスリー ナオキ 駒沢店,https://tabelog.com/tw/tokyo/A1317/A131707/13001442/,駒澤大學車站 / 蛋糕,"JPY 1,000 - JPY 1,999",-,"星期一, 星期二"
304,3.55,ラ・パレット,https://tabelog.com/tw/tokyo/A1318/A131802/13007301/,"下北澤車站 / 咖啡店, 蛋糕",-,"JPY 1,000 - JPY 1,999",星期一
305,3.55,ル・ポミエ,https://tabelog.com/tw/tokyo/A1318/A131811/13022955/,"東北澤車站 / 蛋糕, 咖啡店","JPY 1,000 - JPY 1,999","JPY 1,000 - JPY 1,999","星期二, 星期三"
306,3.55,カファレル 東京駅グランスタ店,https://tabelog.com/tw/tokyo/A1302/A130201/13094853/,"東京車站 / 蛋糕, 巧克力","JPY 1,000 - JPY 1,999",-,-
307,3.55,ピエス・モンテ,https://tabelog.com/tw/tokyo/A1301/A130103/13002681/,新橋車站 / 蛋糕,"JPY 1,000 - JPY 1,999",-,"星期日, 節假日"
308,3.55,sarkara,https://tabelog.com/tw/tokyo/A1317/A131706/13304374/,三軒茶屋車站 / 蛋糕,-,-,星期二
309,3.55,SLOPE,https://tabelog.com/tw/tokyo/A1321/A132105/13146304/,"上井草車站 / 咖啡店, 蛋糕","JPY 1,000 - JPY 1,999","JPY 1,000 - JPY 1,999",星期一
310,3.55,カファブンナ,https://tabelog.com/tw/tokyo/A1307/A130701/13012992/,"六本木車站 / 咖啡館, 蛋糕",-,- JPY 999,星期三
311,3.55,キュイソン ルカ,https://tabelog.com/tw/tokyo/A1317/A131710/13160141/,西小山車站 / 蛋糕,- JPY 999,- JPY 999,"星期一, 星期日"
312,3.55,洋菓子 代官山小川軒,https://tabelog.com/tw/tokyo/A1303/A130303/13136728/,"代官山車站 / 蛋糕, 西式甜點",-,-,"星期日, 節假日"
313,3.55,カオリ ヒロネ,https://tabelog.com/tw/tokyo/A1305/A130502/13054933/,"目白車站 / 蛋糕, 巧克力",-,-,"星期二, 星期三"
314,3.54,アトリウムラウンジ,https://tabelog.com/tw/tokyo/A1308/A130802/13007535/,"六本木一丁目車站 / 咖啡店, 酒吧, 蛋糕","JPY 6,000 - JPY 7,999","JPY 6,000 - JPY 7,999",-
315,3.54,ブルディガラカフェ 大丸東京店,https://tabelog.com/tw/tokyo/A1302/A130201/13045466/,"東京車站 / 咖啡店, 蛋糕","JPY 1,000 - JPY 1,999","JPY 1,000 - JPY 1,999",-
316,3.54,バナナファクトリー,https://tabelog.com/tw/tokyo/A1312/A131203/13218413/,"東京晴空塔車站 / 蛋糕, 意式冰淇淋/冰淇淋, 果汁吧攤",-,- JPY 999,"星期二, 星期三"
317,3.54,白髭のシュークリーム工房 吉祥寺店,https://tabelog.com/tw/tokyo/A1320/A132001/13227964/,"吉祥寺車站 / 西式甜點, 蛋糕, 甜食",- JPY 999,- JPY 999,星期二
318,3.54,島田屋製菓,https://tabelog.com/tw/tokyo/A1324/A132404/13003771/,"六町車站 / 年輪蛋糕, 蛋糕",- JPY 999,-,"星期日, 節假日"
319,3.54,喫茶去 快生軒,https://tabelog.com/tw/tokyo/A1302/A130204/13018091/,"人形町車站 / 咖啡館, 咖啡店, 蛋糕",- JPY 999,- JPY 999,"星期六, 星期日, 節假日"
320,3.54,カフェ GOTO,https://tabelog.com/tw/tokyo/A1305/A130504/13006171/,"早稻田車站 / 咖啡館, 蛋糕, 咖啡店",-,- JPY 999,-
321,3.54,キル フェ ボン 東京ドームシティ店,https://tabelog.com/tw/tokyo/A1310/A131003/13287788/,"後樂園車站 / 蛋糕, 咖啡店",-,"JPY 3,000 - JPY 3,999","節假日, 節假日前, 節假日後"
322,3.54,グルテンフリー田んぼのパン工房 米魂 戸越銀座本店,https://tabelog.com/tw/tokyo/A1317/A131712/13113559/,"戶越車站 / 麵包, 蛋糕",- JPY 999,-,星期四
323,3.54,taik bake&coffee,https://tabelog.com/tw/tokyo/A1316/A131601/13271493/,"惠比壽車站 / 咖啡店, 蛋糕",-,"JPY 1,000 - JPY 1,999",星期二
324,3.54,ニシキヤ洋菓子店,https://tabelog.com/tw/tokyo/A1318/A131814/13012633/,"祖師谷大藏車站 / 咖啡店, 蛋糕, 巧克力",- JPY 999,"JPY 1,000 - JPY 1,999","星期三, 星期四"
325,3.54,Cafe 椿,https://tabelog.com/tw/tokyo/A1303/A130302/13098102/,"廣尾車站 / 咖啡店, 蛋糕, 日式點心",-,"JPY 1,000 - JPY 1,999",-
326,3.54,グーテ・ルブレ 入谷店,https://tabelog.com/tw/tokyo/A1311/A131104/13261228/,"入谷車站 / 麵包, 三明治, 蛋糕",- JPY 999,-,-
327,3.54,キャロリーヌ,https://tabelog.com/tw/tokyo/A1321/A132102/13003803/,"練馬春日町車站 / 蛋糕, 巧克力","JPY 1,000 - JPY 1,999",-,星期三
328,3.54,アンデルセン,https://tabelog.com/tw/tokyo/A1321/A132101/13016934/,江古田車站 / 蛋糕,"JPY 1,000 - JPY 1,999",- JPY 999,-
329,3.54,Patisserie De bonne augure,https://tabelog.com/tw/tokyo/A1311/A131101/13277548/,湯島車站 / 蛋糕,"JPY 1,000 - JPY 1,999","JPY 1,000 - JPY 1,999",星期三
330,3.54,パティスリープラネッツ 大泉学園本店,https://tabelog.com/tw/tokyo/A1321/A132103/13005576/,"大泉學園車站 / 蛋糕, 巧克力",-,-,星期三
331,3.54,Maison du CREER,https://tabelog.com/tw/tokyo/A1316/A131602/13265434/,"白金台車站 / 西式甜點, 蛋糕, 馬卡龍","JPY 4,000 - JPY 4,999",-,"星期三, 星期四"
332,3.54,TiTRE,https://tabelog.com/tw/tokyo/A1318/A131814/13240435/,"祖師谷大藏車站 / 咖啡店, 蛋糕, 西式甜點",-,"JPY 1,000 - JPY 1,999","星期一, 星期二, 星期三, 星期日"
333,3.54,パティスリー サトウ,https://tabelog.com/tw/tokyo/A1317/A131715/13250983/,"九品佛車站 / 蛋糕, 西式甜點, 巧克力",-,-,"星期二, 星期三, 星期四"
334,3.54,roku,https://tabelog.com/tw/tokyo/A1318/A131810/13253421/,"參宮橋車站 / 法式料理, 蛋糕, 西式甜點","JPY 15,000 - JPY 19,999","JPY 8,000 - JPY 9,999",星期三
335,3.54,Hugh Morgan,https://tabelog.com/tw/tokyo/A1302/A130202/13277234/,"三越前車站 / 蛋糕, 馬卡龍, 西式甜點",-,"JPY 4,000 - JPY 4,999",-
336,3.54,French Restaurant ensia,https://tabelog.com/tw/tokyo/A1311/A131102/13261680/,"田原町車站 / 法式料理, 蛋糕, 西式甜點","JPY 15,000 - JPY 19,999","JPY 3,000 - JPY 3,999",-
337,3.54,Hills House Dining 33 Pâtisserie à la Maison,https://tabelog.com/tw/tokyo/A1307/A130704/13291586/,"六本木一丁目車站 / 蛋糕, 西式甜點, 甜食","JPY 1,000 - JPY 1,999","JPY 1,000 - JPY 1,999",-
338,3.53,キル フェ ボン グランメゾン銀座,https://tabelog.com/tw/tokyo/A1301/A130101/13125583/,"銀座一丁目車站 / 蛋糕, 咖啡店, 巧克力",-,"JPY 3,000 - JPY 3,999","節假日, 節假日前, 節假日後"
339,3.53,ピエール・エルメ・パリ 伊勢丹新宿,https://tabelog.com/tw/tokyo/A1304/A130401/13025129/,"新宿三丁目車站 / 蛋糕, 馬卡龍, 西式甜點","JPY 1,000 - JPY 1,999",-,-
340,3.53,和栗モンブラン専門店 栗りん 日本橋コレド室町店,https://tabelog.com/tw/tokyo/A1302/A130202/13274597/,三越前車站 / 蛋糕,"JPY 1,000 - JPY 1,999","JPY 1,000 - JPY 1,999",-
341,3.53,村上開新堂,https://tabelog.com/tw/tokyo/A1308/A130803/13053861/,半藏門車站 / 蛋糕,"JPY 8,000 - JPY 9,999",-,"星期日, 節假日"
342,3.53,LE SALON DE NINA'S 日比谷店,https://tabelog.com/tw/tokyo/A1301/A130102/13279760/,"日比谷車站 / 咖啡店, 蛋糕, 西式甜點","JPY 1,000 - JPY 1,999","JPY 1,000 - JPY 1,999",-
343,3.53,Lily cakes,https://tabelog.com/tw/tokyo/A1314/A131404/13185738/,"天王洲Isle車站 / 蛋糕, 咖啡店, 西式甜點",- JPY 999,- JPY 999,-
344,3.53,チカリシャス ニューヨーク アマリージュ 神楽坂,https://tabelog.com/tw/tokyo/A1309/A130905/13248052/,"飯田橋車站 / 蛋糕, 西式甜點",- JPY 999,- JPY 999,-
345,3.53,こぐま,https://tabelog.com/tw/tokyo/A1312/A131203/13039956/,"曳舟車站 / 咖啡店, 咖喱, 蛋糕","JPY 1,000 - JPY 1,999","JPY 1,000 - JPY 1,999","星期二, 星期三"
346,3.53,フィーカファブリーケン,https://tabelog.com/tw/tokyo/A1318/A131813/13213185/,"豪德寺車站 / 西式甜點, 咖啡店, 蛋糕",- JPY 999,- JPY 999,-
347,3.53,パティスリー１９０４,https://tabelog.com/tw/tokyo/A1317/A131705/13018913/,"池尻大橋車站 / 蛋糕, 巧克力",-,- JPY 999,星期二
348,3.53,デカダンス ドュ ショコラ 茗荷谷ファクトリー店,https://tabelog.com/tw/tokyo/A1323/A132302/13114639/,"茗荷谷車站 / 巧克力, 蛋糕, 軟冰淇淋",- JPY 999,- JPY 999,-
349,3.53,パティシエ ジュン ホンマ 高円寺,https://tabelog.com/tw/tokyo/A1319/A131904/13168722/,高圓寺車站 / 蛋糕,- JPY 999,-,-
350,3.53,Chocolaterie&Bar ROND-POINT by Hirofumi Tanakamaru,https://tabelog.com/tw/tokyo/A1319/A131903/13263292/,"中野坂上車站 / 巧克力, 蛋糕, 酒吧",-,"JPY 2,000 - JPY 2,999",星期一
351,3.53,パティスリーエドモント,https://tabelog.com/tw/tokyo/A1309/A130905/13041576/,"飯田橋車站 / 麵包, 蛋糕",- JPY 999,- JPY 999,-
352,3.53,ザ・ベイク,https://tabelog.com/tw/tokyo/A1303/A130301/13150985/,"澀谷車站 / 蛋糕, 咖啡店, 麵包",- JPY 999,- JPY 999,-
353,3.53,ローザー洋菓子店,https://tabelog.com/tw/tokyo/A1308/A130803/13006394/,"半藏門車站 / 蛋糕, 西式甜點",-,-,"星期六, 星期日, 節假日"
354,3.53,ル・ププラン,https://tabelog.com/tw/tokyo/A1327/A132702/13005957/,聖蹟櫻丘車站 / 蛋糕,-,"JPY 1,000 - JPY 1,999","星期二, 星期三"
355,3.53,テラサワ・ケーキ・パンショップ,https://tabelog.com/tw/tokyo/A1311/A131102/13048793/,"淺草車站 / 麵包, 蛋糕",-,-,"星期三, 星期日"
356,3.53,チーズケーキと彩りカレー Luna piena,https://tabelog.com/tw/tokyo/A1309/A130901/13273957/,"千駄谷車站 / 咖喱, 蛋糕, 意式冰淇淋/冰淇淋","JPY 2,000 - JPY 2,999","JPY 1,000 - JPY 1,999",星期一
357,3.53,パティスリー・ヒロヤ・ミナミサワ,https://tabelog.com/tw/tokyo/A1319/A131907/13200798/,"西荻窪車站 / 蛋糕, 西式甜點","JPY 1,000 - JPY 1,999","JPY 1,000 - JPY 1,999","星期三, 星期四"
358,3.53,シヅカ洋菓子店 自然菓子研究所 丸の内店,https://tabelog.com/tw/tokyo/A1301/A130102/13305556/,"有樂町車站 / 蛋糕, 西式甜點, 麵包",-,-,-
359,3.53,パティスリーパダクシオン,https://tabelog.com/tw/tokyo/A1305/A130501/13230673/,池袋車站 / 蛋糕,- JPY 999,- JPY 999,"星期一, 星期二, 星期三, 星期四, 星期日, 節假日前, 節假日後"
360,3.53,アトリエ ルル,https://tabelog.com/tw/tokyo/A1317/A131711/13269808/,奧澤車站 / 蛋糕,-,-,-
361,3.53,レ・カカオ 虎ノ門店,https://tabelog.com/tw/tokyo/A1307/A130704/13247330/,"虎之門Hills車站 / 巧克力, 蛋糕",-,-,"星期六, 星期日, 節假日"
362,3.52,資生堂パーラー 銀座本店サロン・ド・カフェ,https://tabelog.com/tw/tokyo/A1301/A130103/13004937/,"新橋車站 / 咖啡店, 蛋糕","JPY 2,000 - JPY 2,999","JPY 2,000 - JPY 2,999",星期一
363,3.52,ラ・メゾン・ジュヴォー 広尾店,https://tabelog.com/tw/tokyo/A1307/A130703/13032043/,"廣尾車站 / 蛋糕, 麵包, 咖啡店","JPY 1,000 - JPY 1,999","JPY 2,000 - JPY 2,999",-
364,3.52,パティスリー・サダハルアオキ・パリ 新宿伊勢丹店,https://tabelog.com/tw/tokyo/A1304/A130401/13032302/,"新宿三丁目車站 / 蛋糕, 馬卡龍, 麵包",- JPY 999,-,-
365,3.52,サンデーブランチ 下北沢店,https://tabelog.com/tw/tokyo/A1318/A131802/13004596/,"下北澤車站 / 咖啡店, 蛋糕, 鬆餅","JPY 1,000 - JPY 1,999","JPY 1,000 - JPY 1,999",-
366,3.52,茶房 HISAYA LOUNGE 東京麻布十番店,https://tabelog.com/tw/tokyo/A1307/A130702/13263500/,"麻布十番車站 / 蛋糕, 咖啡店","JPY 2,000 - JPY 2,999","JPY 2,000 - JPY 2,999",-
367,3.52,代官山パンケーキカフェClover's,https://tabelog.com/tw/tokyo/A1303/A130303/13049570/,"代官山車站 / 咖啡店, 蛋糕, 鬆餅","JPY 1,000 - JPY 1,999",- JPY 999,星期三
368,3.52,プリンセスタルト 中目黒,https://tabelog.com/tw/tokyo/A1317/A131701/13301075/,"中目黑車站 / 蛋糕, 西式甜點","JPY 1,000 - JPY 1,999",-,-
369,3.52,多根果実店,https://tabelog.com/tw/tokyo/A1325/A132502/13058915/,"國分寺車站 / 蛋糕, 水果聖代","JPY 1,000 - JPY 1,999","JPY 1,000 - JPY 1,999",星期一
370,3.52,エクラデジュール 豊洲ベイサイドクロス店,https://tabelog.com/tw/tokyo/A1313/A131307/13247873/,"豐洲車站 / 蛋糕, 西式甜點, 咖啡店","JPY 1,000 - JPY 1,999","JPY 2,000 - JPY 2,999","星期一, 星期二"
371,3.52,ヘンテコ 森の洋菓子店,https://tabelog.com/tw/tokyo/A1317/A131702/13219549/,"學藝大學車站 / 西式甜點, 咖啡店, 蛋糕",-,"JPY 2,000 - JPY 2,999","星期一, 星期二"
372,3.52,CAFFE STRADA,https://tabelog.com/tw/tokyo/A1319/A131906/13032542/,"荻窪車站 / 咖啡店, 蛋糕, 西式料理","JPY 1,000 - JPY 1,999","JPY 1,000 - JPY 1,999",星期一
373,3.52,LENOTRE 東京,https://tabelog.com/tw/tokyo/A1302/A130201/13286923/,"二重橋前車站 / 蛋糕, 西式甜點, 咖啡店","JPY 1,000 - JPY 1,999","JPY 1,000 - JPY 1,999",-
374,3.52,Preference,https://tabelog.com/tw/tokyo/A1319/A131902/13286154/,"新中野車站 / 蛋糕, 麵包, 咖啡店","JPY 1,000 - JPY 1,999","JPY 1,000 - JPY 1,999",-
375,3.52,おかしの家ノア,https://tabelog.com/tw/tokyo/A1321/A132103/13009007/,"上井草車站 / 咖啡店, 蛋糕",-,"JPY 1,000 - JPY 1,999","星期二, 星期三"
376,3.52,BUTTER STATE's 大丸東京店,https://tabelog.com/tw/tokyo/A1302/A130201/13257773/,"東京車站 / 西式甜點, 蛋糕","JPY 1,000 - JPY 1,999","JPY 1,000 - JPY 1,999",-
377,3.52,アブルーム,https://tabelog.com/tw/tokyo/A1321/A132103/13132732/,石神井公園車站 / 蛋糕,"JPY 1,000 - JPY 1,999",-,星期三
378,3.52,アフターアワーズ,https://tabelog.com/tw/tokyo/A1318/A131810/13122520/,"代代木公園車站 / 蛋糕, 咖啡店",-,"JPY 1,000 - JPY 1,999",-
379,3.52,道灌山ベイクショップ,https://tabelog.com/tw/tokyo/A1311/A131105/13248603/,"西日暮里車站 / 西式甜點, 蛋糕",-,-,-
380,3.52,メゾン ジブレー グランベリーパーク店,https://tabelog.com/tw/tokyo/A1327/A132701/13241212/,南町田Grandberry Park車站 / 蛋糕,-,- JPY 999,-
381,3.52,リヴレーヴ,https://tabelog.com/tw/tokyo/A1318/A131813/13264757/,"千歲船橋車站 / 蛋糕, 西式甜點",-,- JPY 999,"星期二, 星期三"
382,3.52,パレスホテル東京スイーツブティック,https://tabelog.com/tw/tokyo/A1304/A130401/13269599/,新宿三丁目車站 / 蛋糕,"JPY 1,000 - JPY 1,999","JPY 1,000 - JPY 1,999",-
383,3.52,GURA,https://tabelog.com/tw/tokyo/A1324/A132403/13270288/,"京成金町車站 / 蛋糕, 葡萄酒酒吧, 咖啡店","JPY 5,000 - JPY 5,999","JPY 1,000 - JPY 1,999",星期一
384,3.52,Hohes Lob,https://tabelog.com/tw/tokyo/A1327/A132703/13096852/,稻城車站 / 蛋糕,- JPY 999,-,"星期二, 星期三, 星期四"
385,3.51,銀座メゾン アンリ・シャルパンティエ,https://tabelog.com/tw/tokyo/A1301/A130101/13002449/,"銀座一丁目車站 / 咖啡店, 蛋糕, 西式甜點","JPY 2,000 - JPY 2,999","JPY 2,000 - JPY 2,999",-
386,3.51,Sweet Check,https://tabelog.com/tw/tokyo/A1306/A130602/13293970/,"表參道車站 / 咖啡店, 蛋包飯, 蛋糕","JPY 1,000 - JPY 1,999","JPY 1,000 - JPY 1,999",-
387,3.51,天現寺カフェ,https://tabelog.com/tw/tokyo/A1307/A130703/13044640/,"廣尾車站 / 咖啡店, 蛋糕, 義大利麵","JPY 3,000 - JPY 3,999","JPY 1,000 - JPY 1,999",-
388,3.51,ハティフナット 高円寺のおうち,https://tabelog.com/tw/tokyo/A1319/A131904/13040604/,"高圓寺車站 / 咖啡店, 蛋糕, 甜食",- JPY 999,"JPY 1,000 - JPY 1,999",星期一
389,3.51,サロン ド テ ジャンナッツ,https://tabelog.com/tw/tokyo/A1306/A130602/13141883/,"表參道車站 / 咖啡店, 蛋糕",-,"JPY 1,000 - JPY 1,999",星期二
390,3.51,latte,https://tabelog.com/tw/tokyo/A1318/A131812/13269098/,"世田谷代田車站 / 咖啡店, 義大利料理, 蛋糕","JPY 3,000 - JPY 3,999","JPY 1,000 - JPY 1,999",-
391,3.51,エスタシオン カフェ,https://tabelog.com/tw/tokyo/A1303/A130301/13014168/,"澀谷車站 / 咖啡店, 酒吧, 蛋糕","JPY 1,000 - JPY 1,999","JPY 1,000 - JPY 1,999",-
392,3.51,野菜倶楽部 オトノハカフェ,https://tabelog.com/tw/tokyo/A1323/A132302/13156987/,"護國寺車站 / 咖啡店, 蛋糕",-,"JPY 1,000 - JPY 1,999",星期一
393,3.51,ルワンジュ東京,https://tabelog.com/tw/tokyo/A1307/A130701/13131306/,"六本木車站 / 蛋糕, 巧克力, 馬卡龍","JPY 5,000 - JPY 5,999","JPY 1,000 - JPY 1,999",-
394,3.51,Klimt,https://tabelog.com/tw/tokyo/A1329/A132901/13016247/,"立川北車站 / 咖啡店, 蛋糕, 咖啡館",- JPY 999,- JPY 999,-
395,3.51,モンブラン,https://tabelog.com/tw/tokyo/A1317/A131703/13280788/,自由丘車站 / 蛋糕,-,-,星期二
396,3.51,カフェ・フェリーチェ,https://tabelog.com/tw/tokyo/A1321/A132104/13090908/,"都立家政車站 / 咖啡店, 麵包, 蛋糕",-,"JPY 2,000 - JPY 2,999",星期四
397,3.51,ベーカリーカフェクラウン 三鷹店,https://tabelog.com/tw/tokyo/A1320/A132002/13010032/,"三鷹車站 / 麵包, 蛋糕, 咖啡店",- JPY 999,- JPY 999,-
398,3.51,コクテル堂 国分寺店,https://tabelog.com/tw/tokyo/A1325/A132502/13023390/,"國分寺車站 / 咖啡店, 蛋糕","JPY 1,000 - JPY 1,999","JPY 1,000 - JPY 1,999",-
399,3.51,アルパジョン,https://tabelog.com/tw/tokyo/A1318/A131812/13001526/,"梅丘車站 / 蛋糕, 巧克力, 甜食","JPY 1,000 - JPY 1,999","JPY 1,000 - JPY 1,999",-
400,3.51,ル・ラピュタ,https://tabelog.com/tw/tokyo/A1313/A131305/13005071/,"西葛西車站 / 蛋糕, 馬卡龍","JPY 1,000 - JPY 1,999",-,"星期二, 星期三"
401,3.51,UN LIVRE 池尻大橋店,https://tabelog.com/tw/tokyo/A1317/A131705/13269999/,"池尻大橋車站 / 咖啡店, 蛋糕, 西式甜點","JPY 1,000 - JPY 1,999","JPY 1,000 - JPY 1,999",星期一
402,3.51,欧風菓子 白鳥,https://tabelog.com/tw/tokyo/A1322/A132203/13042385/,"中板橋車站 / 蛋糕, 咖啡館",- JPY 999,- JPY 999,星期三
403,3.51,フェテカフェ,https://tabelog.com/tw/tokyo/A1317/A131715/13145398/,"九品佛車站 / 咖啡店, 蛋糕",-,"JPY 1,000 - JPY 1,999",-
404,3.51,HIBIKA 日本橋高島屋店,https://tabelog.com/tw/tokyo/A1302/A130202/13226434/,"日本橋車站 / 蛋糕, 西式甜點",-,- JPY 999,-
405,3.51,パティスリー レザネフォール 中野店,https://tabelog.com/tw/tokyo/A1321/A132104/13221152/,"新井藥師前車站 / 蛋糕, 咖啡店",- JPY 999,- JPY 999,-
406,3.51,パティスリー カカオエット パリ 武蔵小山店,https://tabelog.com/tw/tokyo/A1317/A131710/13247930/,"武藏小山車站 / 蛋糕, 咖啡店",-,"JPY 1,000 - JPY 1,999",-
407,3.51,ラ ヴィーニュ アキコ,https://tabelog.com/tw/tokyo/A1305/A130504/13248198/,"西早稻田車站 / 麵包, 蛋糕",-,-,星期日
408,3.51,MICKY,https://tabelog.com/tw/tokyo/A1322/A132204/13095233/,"地鐵赤塚車站 / 蛋糕, 意式冰淇淋/冰淇淋",- JPY 999,- JPY 999,星期四
409,3.51,ジャヌ パティスリー,https://tabelog.com/tw/tokyo/A1307/A130701/13294457/,"六本木一丁目車站 / 甜食, 蛋糕, 咖啡店","JPY 2,000 - JPY 2,999","JPY 2,000 - JPY 2,999",-
410,3.51,Patisserie cafe VIVANT,https://tabelog.com/tw/tokyo/A1325/A132503/13256905/,"矢川車站 / 咖啡店, 蛋糕",-,"JPY 1,000 - JPY 1,999",星期二
411,3.51,MOCHI,https://tabelog.com/tw/tokyo/A1309/A130902/13223894/,"四谷車站 / 麵包, 蛋糕, 咖啡店",-,"JPY 1,000 - JPY 1,999","星期六, 星期日, 節假日"
412,3.51,ブーランジュリートーキョー,https://tabelog.com/tw/tokyo/A1314/A131401/13053680/,"赤羽橋車站 / 麵包, 三明治, 蛋糕",- JPY 999,- JPY 999,-
413,3.50,カフェ&ミール ムジ 新宿,https://tabelog.com/tw/tokyo/A1304/A130401/13053848/,"新宿三丁目車站 / 咖啡店, 有機食材, 蛋糕","JPY 1,000 - JPY 1,999","JPY 1,000 - JPY 1,999",-
414,3.50,カフェ ウォール,https://tabelog.com/tw/tokyo/A1304/A130401/13171550/,"新宿三丁目車站 / 咖啡店, 蛋糕, 餐酒吧","JPY 2,000 - JPY 2,999","JPY 1,000 - JPY 1,999",-
415,3.50,コマグラ カフェ,https://tabelog.com/tw/tokyo/A1320/A132001/13010784/,"吉祥寺車站 / 咖啡店, 蛋糕, 甜食","JPY 2,000 - JPY 2,999","JPY 1,000 - JPY 1,999",星期一
416,3.50,TiMi,https://tabelog.com/tw/tokyo/A1308/A130803/13147709/,"半藏門車站 / 麵包, 蛋糕, 咖啡店",- JPY 999,"JPY 1,000 - JPY 1,999","星期日, 節假日"
417,3.50,TOKYOチューリップローズ 西武池袋店,https://tabelog.com/tw/tokyo/A1305/A130501/13231802/,"池袋車站 / 西式甜點, 蛋糕","JPY 1,000 - JPY 1,999",-,-
418,3.50,ドルチェマリリッサ 表参道,https://tabelog.com/tw/tokyo/A1306/A130602/13250508/,"表參道車站 / 咖啡店, 蛋糕, 甜食","JPY 1,000 - JPY 1,999","JPY 1,000 - JPY 1,999",-
419,3.50,Charles-Henry,https://tabelog.com/tw/tokyo/A1303/A130303/13296486/,"代官山車站 / 蛋糕, 咖啡店","JPY 3,000 - JPY 3,999","JPY 2,000 - JPY 2,999",星期二
420,3.50,SO TARTE 表参道店,https://tabelog.com/tw/tokyo/A1306/A130602/13286159/,表參道車站 / 蛋糕,"JPY 1,000 - JPY 1,999","JPY 1,000 - JPY 1,999",-
421,3.50,Ond,https://tabelog.com/tw/tokyo/A1320/A132003/13212935/,"武藏境車站 / 咖啡店, 蛋糕, 啤酒酒吧","JPY 1,000 - JPY 1,999","JPY 1,000 - JPY 1,999",星期三
422,3.50,ル　パティシエ　ティ　イイムラ,https://tabelog.com/tw/tokyo/A1312/A131203/13055402/,"京成曳舟車站 / 蛋糕, 麵包, 咖啡店",- JPY 999,"JPY 1,000 - JPY 1,999",星期一
423,3.50,パティスリー ココアンジュ,https://tabelog.com/tw/tokyo/A1307/A130701/13162259/,"六本木車站 / 蛋糕, 咖啡店, 甜食",- JPY 999,- JPY 999,-
424,3.50,patisserie KOZU,https://tabelog.com/tw/tokyo/A1318/A131802/13166034/,"下北澤車站 / 蛋糕, 咖啡店",- JPY 999,- JPY 999,星期二
425,3.50,こがさかベイク,https://tabelog.com/tw/tokyo/A1327/A132701/13173058/,"成瀨車站 / 咖啡店, 蛋糕","JPY 1,000 - JPY 1,999","JPY 1,000 - JPY 1,999",-
426,3.50,テラ セゾン グランスタ店,https://tabelog.com/tw/tokyo/A1302/A130201/13044649/,"東京車站 / 甜食, 蛋糕",- JPY 999,-,-
427,3.50,フードブティック・ポピンズ,https://tabelog.com/tw/tokyo/A1304/A130401/13027443/,"都廳前車站 / 蛋糕, 麵包","JPY 1,000 - JPY 1,999",-,-
428,3.50,パティスリー パブロフ,https://tabelog.com/tw/tokyo/A1308/A130802/13247937/,"虎之門Hills車站 / 蛋糕, 咖啡店",-,"JPY 1,000 - JPY 1,999",-
429,3.50,エニスモアガーデン,https://tabelog.com/tw/tokyo/A1303/A130303/13036164/,代官山車站 / 蛋糕,-,-,-
430,3.50,オー・プティ・グルマン,https://tabelog.com/tw/tokyo/A1327/A132701/13030404/,"成瀨車站 / 蛋糕, 麵包",-,-,"星期一, 星期二"
431,3.50,teal  日本橋三越本店,https://tabelog.com/tw/tokyo/A1302/A130202/13286246/,"三越前車站 / 西式甜點, 蛋糕",-,-,-
432,3.50,COFFEE & ROASTER 2-3,https://tabelog.com/tw/tokyo/A1318/A131809/13058069/,"下高井戶車站 / 咖啡館, 咖啡店, 蛋糕",-,"JPY 1,000 - JPY 1,999",星期一
433,3.50,パティスリー ミニマル 祖師ヶ谷大蔵,https://tabelog.com/tw/tokyo/A1318/A131814/13289072/,"祖師谷大藏車站 / 蛋糕, 西式甜點, 巧克力","JPY 1,000 - JPY 1,999","JPY 1,000 - JPY 1,999","星期一, 星期二"
434,3.50,ショコラティエ タカ,https://tabelog.com/tw/tokyo/A1317/A131701/13238344/,"中目黑車站 / 巧克力, 蛋糕",- JPY 999,- JPY 999,星期三
435,3.50,L’Artisan Moderne,https://tabelog.com/tw/tokyo/A1316/A131601/13298172/,"武藏小山車站 / 西式甜點, 蛋糕",-,"JPY 1,000 - JPY 1,999","星期二, 星期三, 星期四"
436,3.50,Rikyu,https://tabelog.com/tw/tokyo/A1317/A131703/13112973/,"自由丘車站 / 蛋糕, 甜食",- JPY 999,- JPY 999,"星期一, 星期二, 星期三, 星期四"
437,3.49,Huit,https://tabelog.com/tw/tokyo/A1317/A131701/13018861/,"中目黑車站 / 法式小酒館, 蛋糕, 咖啡店","JPY 4,000 - JPY 4,999","JPY 1,000 - JPY 1,999",-
438,3.49,FRAMES,https://tabelog.com/tw/tokyo/A1317/A131701/13025901/,"中目黑車站 / 咖啡店, 蛋糕, 義大利料理","JPY 3,000 - JPY 3,999","JPY 1,000 - JPY 1,999",-
439,3.49,ル・ブラン 新宿店,https://tabelog.com/tw/tokyo/A1304/A130401/13033006/,"新宿三丁目車站 / 義大利料理, 咖啡店, 蛋糕","JPY 3,000 - JPY 3,999","JPY 1,000 - JPY 1,999",-
440,3.49,HAUTE COUTURE・CAFE,https://tabelog.com/tw/tokyo/A1317/A131701/13256028/,"中目黑車站 / 咖啡店, 蛋糕","JPY 6,000 - JPY 7,999","JPY 6,000 - JPY 7,999",-
441,3.49,CITRON,https://tabelog.com/tw/tokyo/A1306/A130603/13183968/,"外苑前車站 / 法式料理, 咖啡店, 蛋糕","JPY 2,000 - JPY 2,999","JPY 1,000 - JPY 1,999",-
442,3.49,HAUTE COUTURE CAFE OMOTESANDO,https://tabelog.com/tw/tokyo/A1306/A130602/13285588/,"表參道車站 / 咖啡店, 蛋糕, 創作料理","JPY 6,000 - JPY 7,999","JPY 6,000 - JPY 7,999",-
443,3.49,& OIMO TOKYO CAFE 中目黒店,https://tabelog.com/tw/tokyo/A1317/A131701/13260371/,"中目黑車站 / 咖啡店, 甜食, 蛋糕","JPY 2,000 - JPY 2,999","JPY 2,000 - JPY 2,999",-
444,3.49,こがさかベイクカフェ,https://tabelog.com/tw/tokyo/A1327/A132701/13123666/,"町田車站 / 咖啡店, 咖啡館, 蛋糕","JPY 2,000 - JPY 2,999","JPY 1,000 - JPY 1,999",-
445,3.49,サロン・ド・テ ロンド,https://tabelog.com/tw/tokyo/A1307/A130701/13035826/,"乃木坂車站 / 咖啡店, 三明治, 蛋糕","JPY 1,000 - JPY 1,999","JPY 1,000 - JPY 1,999",星期二
446,3.49,CoffeeLounge Lemon,https://tabelog.com/tw/tokyo/A1304/A130401/13089601/,"新宿三丁目車站 / 咖啡店, 蛋糕","JPY 2,000 - JPY 2,999","JPY 2,000 - JPY 2,999",星期三
447,3.49,パークストア,https://tabelog.com/tw/tokyo/A1317/A131706/13255265/,"三軒茶屋車站 / 蛋糕, 甜甜圈",- JPY 999,- JPY 999,-
448,3.49,ピーエスコーヒー,https://tabelog.com/tw/tokyo/A1317/A131702/13252916/,"學藝大學車站 / 咖啡店, 蛋糕","JPY 1,000 - JPY 1,999","JPY 1,000 - JPY 1,999",-
449,3.49,ROYAL CRYSTAL COFFEE 自由が丘店,https://tabelog.com/tw/tokyo/A1317/A131703/13260941/,"自由丘車站 / 咖啡店, 甜食, 蛋糕","JPY 2,000 - JPY 2,999","JPY 1,000 - JPY 1,999",-
450,3.49,マーサービス 渋谷,https://tabelog.com/tw/tokyo/A1303/A130301/13259543/,澀谷車站 / 蛋糕,- JPY 999,- JPY 999,-
451,3.49,anea cafe 白金店,https://tabelog.com/tw/tokyo/A1316/A131602/13217302/,"白金台車站 / 咖啡店, 牛排, 蛋糕","JPY 3,000 - JPY 3,999","JPY 1,000 - JPY 1,999",-
452,3.49,Cafe&Deli COOK,https://tabelog.com/tw/tokyo/A1323/A132301/13160774/,"駒込車站 / 咖啡店, 義大利麵, 蛋糕",- JPY 999,- JPY 999,星期日
453,3.49,マーキュリー,https://tabelog.com/tw/tokyo/A1302/A130201/13011348/,"竹橋車站 / 酒館, 咖啡店, 蛋糕","JPY 1,000 - JPY 1,999","JPY 1,000 - JPY 1,999",-
454,3.49,東京いちごカフェ,https://tabelog.com/tw/tokyo/A1326/A132602/13263467/,"分倍河原車站 / 咖啡店, 蛋糕",- JPY 999,- JPY 999,星期二
455,3.48,パティスリー&カフェ デリーモ 東京ミッドタウン日比谷店,https://tabelog.com/tw/tokyo/A1301/A130102/13217479/,"日比谷車站 / 咖啡店, 蛋糕, 鬆餅","JPY 2,000 - JPY 2,999","JPY 1,000 - JPY 1,999",-
456,3.48,シースケープ テラス・ダイニング,https://tabelog.com/tw/tokyo/A1313/A131306/13203497/,"台場車站 / 西式自助餐, 蛋糕, 咖啡店","JPY 8,000 - JPY 9,999","JPY 6,000 - JPY 7,999",-
457,3.48,カフェ・オハナ,https://tabelog.com/tw/tokyo/A1301/A130101/13022392/,"銀座車站 / 咖啡店, 蛋糕, 西式料理",- JPY 999,- JPY 999,-
458,3.48,オールデイダイニング セリーズ,https://tabelog.com/tw/tokyo/A1301/A130103/13158882/,"汐留車站 / 西式料理, 西式自助餐, 蛋糕","JPY 6,000 - JPY 7,999","JPY 4,000 - JPY 4,999",-
459,3.48,デリス 銀座店,https://tabelog.com/tw/tokyo/A1301/A130101/13174232/,"銀座一丁目車站 / 蛋糕, 咖啡店, 甜食","JPY 1,000 - JPY 1,999","JPY 1,000 - JPY 1,999",-
460,3.48,EMPORIO cafe&dining,https://tabelog.com/tw/tokyo/A1317/A131702/13024758/,"學藝大學車站 / 咖啡店, 酒吧, 蛋糕","JPY 1,000 - JPY 1,999",- JPY 999,-
461,3.48,Neul,https://tabelog.com/tw/tokyo/A1304/A130404/13260345/,"新大久保車站 / 咖啡店, 蛋糕, 甜食","JPY 1,000 - JPY 1,999","JPY 1,000 - JPY 1,999",-
462,3.48,ハイファミリア,https://tabelog.com/tw/tokyo/A1320/A132002/13054302/,"三鷹車站 / 咖啡店, 蛋包飯, 蛋糕","JPY 1,000 - JPY 1,999","JPY 1,000 - JPY 1,999",星期二
463,3.48,蒲田カフェ,https://tabelog.com/tw/tokyo/A1315/A131503/13265027/,"蒲田車站 / 咖啡店, 三明治, 蛋糕","JPY 2,000 - JPY 2,999",- JPY 999,星期四
464,3.48,焼きたてチーズケーキのお店 アミーゴ 東京築地店,https://tabelog.com/tw/tokyo/A1313/A131301/13292409/,築地車站 / 蛋糕,-,-,-
465,3.48,モナムール 清風堂本店,https://tabelog.com/tw/tokyo/A1326/A132602/13020051/,"府中車站 / 蛋糕, 咖啡店, 巧克力",-,- JPY 999,-
466,3.48,MATCHA&ESPRESSO MIYANO-YU,https://tabelog.com/tw/tokyo/A1311/A131106/13258721/,"根津車站 / 咖啡店, 刨冰, 蛋糕","JPY 1,000 - JPY 1,999","JPY 1,000 - JPY 1,999",-
467,3.48,コーヒー ミキ 玉川店,https://tabelog.com/tw/tokyo/A1317/A131708/13048542/,"二子玉川車站 / 咖啡店, 蛋糕","JPY 1,000 - JPY 1,999","JPY 1,000 - JPY 1,999",-
468,3.48,HARBS 麻布台ヒルズ店,https://tabelog.com/tw/tokyo/A1307/A130704/13291858/,"六本木一丁目車站 / 咖啡店, 蛋糕","JPY 2,000 - JPY 2,999","JPY 2,000 - JPY 2,999",-
469,3.48,CLOVE CAFE&BAKERY,https://tabelog.com/tw/tokyo/A1306/A130602/13305427/,"表參道車站 / 咖啡店, 麵包, 蛋糕","JPY 1,000 - JPY 1,999","JPY 1,000 - JPY 1,999",-
470,3.48,西洋菓子 おだふじ 大泉学園店,https://tabelog.com/tw/tokyo/A1321/A132103/13264488/,大泉學園車站 / 蛋糕,-,-,星期一
471,3.48,Fleurs d’ete,https://tabelog.com/tw/tokyo/A1318/A131811/13273902/,蛋糕,"JPY 15,000 - JPY 19,999",-,-
472,3.48,ララタルト,https://tabelog.com/tw/tokyo/A1310/A131004/13265951/,"春日車站 / 蛋糕, 咖啡店",- JPY 999,- JPY 999,"星期一, 星期日"
473,3.47,レイン オン ザ ルーフ,https://tabelog.com/tw/tokyo/A1317/A131706/13037998/,"三軒茶屋車站 / 咖啡店, 蛋糕, 咖啡館","JPY 2,000 - JPY 2,999","JPY 1,000 - JPY 1,999",-
474,3.47,マドンナー,https://tabelog.com/tw/tokyo/A1311/A131101/13076245/,"京成上野車站 / 咖啡館, 鬆餅, 蛋糕",- JPY 999,"JPY 1,000 - JPY 1,999",-
475,3.47,サブリナ パスタ&クラムチャウダー　 渋谷ヒカリエ店,https://tabelog.com/tw/tokyo/A1303/A130301/13251705/,"澀谷車站 / 義大利麵, 蛋糕, 泡芙","JPY 1,000 - JPY 1,999","JPY 1,000 - JPY 1,999",-
476,3.47,ラ・プティ・メルスリー ルミネエスト新宿店,https://tabelog.com/tw/tokyo/A1304/A130401/13117596/,"新宿車站 / 咖啡店, 蛋糕, 歐洲料理","JPY 1,000 - JPY 1,999","JPY 1,000 - JPY 1,999",-
477,3.47,藤堂プランニング 工場直売,https://tabelog.com/tw/tokyo/A1313/A131303/13057428/,"清澄白河車站 / 蛋糕, 巧克力","JPY 1,000 - JPY 1,999",-,-
478,3.47,DUKE cafe 渋谷神南店,https://tabelog.com/tw/tokyo/A1303/A130301/13300838/,"澀谷車站 / 咖啡店, 蛋糕, 義大利料理","JPY 1,000 - JPY 1,999","JPY 1,000 - JPY 1,999",-
479,3.47,カフェ・ル・ポミエ,https://tabelog.com/tw/tokyo/A1306/A130602/13179166/,"明治神宮前車站 / 咖啡店, 蛋糕","JPY 1,000 - JPY 1,999","JPY 1,000 - JPY 1,999",-
480,3.47,ロワゾ・ブリュ,https://tabelog.com/tw/tokyo/A1312/A131201/13036029/,"森下車站 / 蛋糕, 巧克力","JPY 1,000 - JPY 1,999",-,"星期二, 星期三"
481,3.47,atelier BASEL,https://tabelog.com/tw/tokyo/A1329/A132904/13061398/,"南大澤車站 / 咖啡店, 蛋糕, 歐洲料理","JPY 1,000 - JPY 1,999","JPY 1,000 - JPY 1,999",-
482,3.47,北欧,https://tabelog.com/tw/tokyo/A1301/A130103/13250021/,"新橋車站 / 咖啡館, 蛋糕, 咖啡店","JPY 1,000 - JPY 1,999","JPY 1,000 - JPY 1,999",-
483,3.47,ル パティシエ タカギ  本店,https://tabelog.com/tw/tokyo/A1317/A131707/13241598/,"駒澤大學車站 / 咖啡店, 蛋糕",-,"JPY 1,000 - JPY 1,999",星期三
484,3.47,The Lobby Cafe,https://tabelog.com/tw/tokyo/A1313/A131306/13231667/,"台場車站 / 咖啡店, 蛋糕, 甜食",-,"JPY 1,000 - JPY 1,999",-
485,3.47,パティスリー ヒヤマ,https://tabelog.com/tw/tokyo/A1323/A132302/13059455/,新大塚車站 / 蛋糕,-,-,"星期一, 星期二"
486,3.47,Mr. CHEESECAKE グランスタ東京店,https://tabelog.com/tw/tokyo/A1302/A130201/13301127/,"東京車站 / 甜食, 蛋糕",-,"JPY 3,000 - JPY 3,999",-
487,3.47,bonbons créatifs,https://tabelog.com/tw/tokyo/A1317/A131711/13299025/,"綠丘車站 / 蛋糕, 咖啡店",-,"JPY 1,000 - JPY 1,999",-
488,3.46,カフェ＆ブックス ビブリオテーク 東京・有楽町,https://tabelog.com/tw/tokyo/A1301/A130102/13132377/,"有樂町車站 / 咖啡店, 鬆餅, 蛋糕","JPY 2,000 - JPY 2,999","JPY 1,000 - JPY 1,999",-
489,3.46,アンジェリーナ ハラカド店,https://tabelog.com/tw/tokyo/A1306/A130601/13295940/,"明治神宮前車站 / 咖啡店, 蛋糕","JPY 2,000 - JPY 2,999","JPY 2,000 - JPY 2,999",-
490,3.46,HAND BAKES ルミネ新宿店,https://tabelog.com/tw/tokyo/A1304/A130401/13156065/,"新宿車站 / 咖啡店, 蛋糕, 甜食","JPY 1,000 - JPY 1,999","JPY 1,000 - JPY 1,999",-
491,3.46,スパイラルカフェ,https://tabelog.com/tw/tokyo/A1306/A130602/13002099/,"表參道車站 / 咖啡店, 義大利料理, 蛋糕","JPY 3,000 - JPY 3,999","JPY 1,000 - JPY 1,999",-
492,3.46,アリーカフェ,https://tabelog.com/tw/tokyo/A1320/A132001/13138035/,"吉祥寺車站 / 咖啡店, 蛋糕","JPY 2,000 - JPY 2,999","JPY 1,000 - JPY 1,999","星期二, 星期三"
493,3.46,GINZA CAFE dining and bar,https://tabelog.com/tw/tokyo/A1301/A130101/13277649/,"銀座一丁目車站 / 咖啡店, 蛋糕, 沙拉","JPY 3,000 - JPY 3,999","JPY 1,000 - JPY 1,999",-
494,3.46,セイナカフェ,https://tabelog.com/tw/tokyo/A1320/A132001/13005850/,"吉祥寺車站 / 咖啡館, 蛋糕",- JPY 999,"JPY 1,000 - JPY 1,999",-
495,3.46,和カフェTsumugi アトレ竹芝店,https://tabelog.com/tw/tokyo/A1314/A131401/13248334/,"竹芝車站 / 咖啡店, 蛋糕","JPY 1,000 - JPY 1,999","JPY 1,000 - JPY 1,999",-
496,3.46,カフェ・ミエル,https://tabelog.com/tw/tokyo/A1309/A130906/13006417/,"九段下車站 / 咖啡店, 蛋糕, 三明治","JPY 1,000 - JPY 1,999","JPY 1,000 - JPY 1,999","星期日, 節假日"
497,3.46,パティスリー シュシュクリエ 三軒茶屋店,https://tabelog.com/tw/tokyo/A1317/A131706/13132570/,"三軒茶屋車站 / 蛋糕, 甜食","JPY 1,000 - JPY 1,999","JPY 1,000 - JPY 1,999",-
498,3.46,リトルネストカフェ,https://tabelog.com/tw/tokyo/A1321/A132101/13223211/,"櫻台車站 / 咖啡店, 咖喱, 蛋糕","JPY 1,000 - JPY 1,999",- JPY 999,星期三
499,3.46,するが,https://tabelog.com/tw/tokyo/A1324/A132403/13069509/,"龜有車站 / 日式點心, 蛋糕",- JPY 999,-,-
500,3.46,ヴォアラ洋菓子店,https://tabelog.com/tw/tokyo/A1318/A131813/13003123/,"千歲船橋車站 / 蛋糕, 巧克力, 咖啡店","JPY 1,000 - JPY 1,999","JPY 1,000 - JPY 1,999",星期日
501,3.46,パティスリー・イチリン,https://tabelog.com/tw/tokyo/A1325/A132502/13099104/,"立飛車站 / 蛋糕, 麵包, 咖啡店",- JPY 999,"JPY 1,000 - JPY 1,999",星期二
502,3.46,菓子工房ヴェールの丘 八王子みなみ野本店,https://tabelog.com/tw/tokyo/A1329/A132904/13040211/,"八王子南野車站 / 蛋糕, 咖啡店, 麵包",- JPY 999,- JPY 999,-
503,3.46,ラ・ヴィエイユ・フランス 仙川店,https://tabelog.com/tw/tokyo/A1326/A132601/13139443/,"仙川車站 / 蛋糕, 意式冰淇淋/冰淇淋",- JPY 999,-,"星期一, 星期二"
504,3.46,サンレモン,https://tabelog.com/tw/tokyo/A1312/A131203/13055225/,"押上車站 / 蛋糕, 咖啡店",- JPY 999,- JPY 999,"星期一, 星期日"
505,3.45,アンジェリーナ 日本橋三越店,https://tabelog.com/tw/tokyo/A1302/A130202/13097431/,三越前車站 / 蛋糕,- JPY 999,-,-
506,3.45,Q-pot CAFE. 表参道本店,https://tabelog.com/tw/tokyo/A1306/A130602/13146636/,"表參道車站 / 咖啡店, 蛋糕, 馬卡龍","JPY 1,000 - JPY 1,999","JPY 1,000 - JPY 1,999",-
507,3.45,ペッシェ,https://tabelog.com/tw/tokyo/A1323/A132302/13018628/,"茗荷谷車站 / 義大利料理, 咖啡店, 蛋糕","JPY 3,000 - JPY 3,999","JPY 1,000 - JPY 1,999",-
508,3.45,ベリーココ,https://tabelog.com/tw/tokyo/A1320/A132001/13249702/,"吉祥寺車站 / 西式料理, 創作料理, 蛋糕","JPY 2,000 - JPY 2,999","JPY 1,000 - JPY 1,999",-
509,3.45,ぼん・りびえーる,https://tabelog.com/tw/tokyo/A1309/A130905/13118915/,"神樂坂車站 / 蛋糕, 咖啡店","JPY 1,000 - JPY 1,999","JPY 1,000 - JPY 1,999",星期三
510,3.45,ヨウケル舎,https://tabelog.com/tw/tokyo/A1318/A131813/13116943/,"千歲船橋車站 / 咖啡店, 蛋糕, 貝果","JPY 1,000 - JPY 1,999","JPY 1,000 - JPY 1,999",星期一
511,3.45,ブーランジェリー・テール・ヴィヴァン 朝日町店,https://tabelog.com/tw/tokyo/A1326/A132602/13022533/,"多磨車站 / 麵包, 三明治, 蛋糕",-,-,星期一
512,3.45,たまご倶楽部,https://tabelog.com/tw/tokyo/A1330/A133003/13097436/,"河邊車站 / 西式甜點, 咖啡店, 蛋糕",-,"JPY 1,000 - JPY 1,999","星期三, 星期日"
513,3.45,ドーカン,https://tabelog.com/tw/tokyo/A1319/A131901/13004346/,"東中野車站 / 蛋糕, 意式冰淇淋/冰淇淋",- JPY 999,- JPY 999,-
514,3.45,RITUEL 等々力店,https://tabelog.com/tw/tokyo/A1317/A131715/13279523/,"尾山台車站 / 麵包, 咖啡店, 蛋糕","JPY 1,000 - JPY 1,999","JPY 1,000 - JPY 1,999",-
515,3.45,Patisserie Leslines,https://tabelog.com/tw/tokyo/A1319/A131907/13227533/,"西荻窪車站 / 蛋糕, 西式甜點",-,"JPY 1,000 - JPY 1,999","星期三, 星期四"
516,3.45,パティスリー プティ トモ,https://tabelog.com/tw/tokyo/A1309/A130905/13253674/,"神樂坂車站 / 蛋糕, 咖啡店",-,"JPY 1,000 - JPY 1,999","星期一, 星期二"
517,3.45,ビスキュイテリエ ブルトンヌ 新宿小田急店,https://tabelog.com/tw/tokyo/A1304/A130401/13279276/,"新宿西口車站 / 蛋糕, 西式甜點",-,-,-
518,3.44,ブレスカフェ,https://tabelog.com/tw/tokyo/A1304/A130401/13123537/,"新宿三丁目車站 / 咖啡店, 餐酒吧, 蛋糕","JPY 3,000 - JPY 3,999","JPY 1,000 - JPY 1,999",-
519,3.44,ライス カフェ,https://tabelog.com/tw/tokyo/A1317/A131707/13012656/,"駒澤大學車站 / 咖啡店, 蛋包飯, 蛋糕","JPY 2,000 - JPY 2,999","JPY 1,000 - JPY 1,999",-
520,3.44,グランドルート66,https://tabelog.com/tw/tokyo/A1323/A132301/13147378/,"千石車站 / 咖喱, 蛋糕","JPY 1,000 - JPY 1,999","JPY 1,000 - JPY 1,999",星期二
521,3.44,アワヤ洋菓子店,https://tabelog.com/tw/tokyo/A1315/A131501/13048043/,"大井町車站 / 咖啡館, 蛋糕, 咖啡店",-,- JPY 999,星期二
522,3.44,コンセント,https://tabelog.com/tw/tokyo/A1318/A131807/13006891/,"幡谷車站 / 蛋糕, 咖啡店, 麵包","JPY 2,000 - JPY 2,999","JPY 2,000 - JPY 2,999",-
523,3.44,ウルソン 武蔵境店,https://tabelog.com/tw/tokyo/A1320/A132003/13010023/,武藏境車站 / 蛋糕,- JPY 999,-,星期二
524,3.44,パティスリー ナオヒラ,https://tabelog.com/tw/tokyo/A1315/A131503/13117771/,梅屋敷車站 / 蛋糕,-,- JPY 999,-
525,3.44,和カフェTsumugi トリエ京王調布店,https://tabelog.com/tw/tokyo/A1326/A132601/13212943/,"調布車站 / 咖啡店, 刨冰, 蛋糕","JPY 1,000 - JPY 1,999","JPY 1,000 - JPY 1,999",-
526,3.44,ヴォワザン,https://tabelog.com/tw/tokyo/A1318/A131805/13194897/,濱田山車站 / 蛋糕,"JPY 2,000 - JPY 2,999",-,-
527,3.44,パティスリー セレネー,https://tabelog.com/tw/tokyo/A1311/A131106/13003558/,"根津車站 / 蛋糕, 西式甜點, 巧克力",-,"JPY 1,000 - JPY 1,999",-
528,3.44,ティーサロン ピカケ,https://tabelog.com/tw/tokyo/A1314/A131401/13013867/,"御成門車站 / 咖啡店, 蛋糕, 麵包",-,"JPY 2,000 - JPY 2,999",-
529,3.44,パティスリー トゥルモンド,https://tabelog.com/tw/tokyo/A1317/A131710/13046138/,"武藏小山車站 / 蛋糕, 巧克力","JPY 1,000 - JPY 1,999","JPY 1,000 - JPY 1,999",-
530,3.44,プロスペール,https://tabelog.com/tw/tokyo/A1321/A132102/13041838/,中村橋車站 / 蛋糕,- JPY 999,-,星期四
531,3.44,フェパ カフェ パティスリー,https://tabelog.com/tw/tokyo/A1324/A132403/13239189/,"京成金町車站 / 咖啡店, 蛋糕",-,"JPY 1,000 - JPY 1,999","星期一, 星期二"
532,3.44,パティスリー・バイ・ウェスティンホテル東京,https://tabelog.com/tw/tokyo/A1303/A130302/13292058/,惠比壽車站 / 蛋糕,"JPY 2,000 - JPY 2,999","JPY 2,000 - JPY 2,999",-
533,3.43,キル フェ ボン 東京スカイツリータウン・ソラマチ店,https://tabelog.com/tw/tokyo/A1312/A131203/13141297/,"押上車站 / 咖啡店, 蛋糕",-,"JPY 3,000 - JPY 3,999","節假日, 節假日前, 節假日後"
534,3.43,トリアノン洋菓子店 高円寺本店,https://tabelog.com/tw/tokyo/A1319/A131904/13006597/,"高圓寺車站 / 蛋糕, 咖啡館, 西式料理",- JPY 999,- JPY 999,-
535,3.43,マミーズ・アン・スリール 谷中本店,https://tabelog.com/tw/tokyo/A1311/A131106/13008486/,"千馱木車站 / 蛋糕, 意式冰淇淋/冰淇淋",-,- JPY 999,-
536,3.43,マンシーズ トウキョウ,https://tabelog.com/tw/tokyo/A1307/A130702/13100683/,"麻布十番車站 / 義大利料理, 咖啡店, 蛋糕","JPY 6,000 - JPY 7,999","JPY 1,000 - JPY 1,999",-
537,3.43,TOYO,https://tabelog.com/tw/tokyo/A1302/A130202/13011456/,"日本橋車站 / 西式料理, 蛋糕, 漢堡排","JPY 1,000 - JPY 1,999",- JPY 999,星期日
538,3.43,gicca,https://tabelog.com/tw/tokyo/A1316/A131603/13248734/,"目黑車站 / 義大利料理, 義大利麵, 蛋糕",-,"JPY 2,000 - JPY 2,999",星期一
539,3.43,Short Cake Company,https://tabelog.com/tw/tokyo/A1304/A130401/13291083/,"新宿西口車站 / 咖啡店, 蛋糕","JPY 2,000 - JPY 2,999",-,星期一
540,3.43,KICHIJOJI CAFE,https://tabelog.com/tw/tokyo/A1320/A132001/13005832/,"吉祥寺車站 / 蛋糕, 咖啡店","JPY 1,000 - JPY 1,999","JPY 1,000 - JPY 1,999",-
541,3.43,Pitan BISTRO and CAKES,https://tabelog.com/tw/tokyo/A1308/A130803/13253387/,"半藏門車站 / 法式小酒館, 蛋糕","JPY 4,000 - JPY 4,999","JPY 1,000 - JPY 1,999","星期日, 節假日"
542,3.43,tag cafe,https://tabelog.com/tw/tokyo/A1318/A131802/13133923/,"下北澤車站 / 咖啡店, 蛋包飯, 蛋糕","JPY 1,000 - JPY 1,999","JPY 1,000 - JPY 1,999",-
543,3.43,プラチノ 桜新町店,https://tabelog.com/tw/tokyo/A1317/A131707/13001470/,櫻新町車站 / 蛋糕,"JPY 1,000 - JPY 1,999","JPY 1,000 - JPY 1,999",星期四
544,3.43,喫茶 蔵,https://tabelog.com/tw/tokyo/A1324/A132402/13020899/,"北千住車站 / 咖啡店, 鯛魚燒・大判燒, 蛋糕",-,"JPY 1,000 - JPY 1,999","星期日, 節假日"
545,3.43,赤丸ベーカリー,https://tabelog.com/tw/tokyo/A1305/A130502/13059490/,"雜司谷車站 / 麵包, 三明治, 蛋糕",-,- JPY 999,星期四
546,3.43,HENRI CHARPENTIER 松屋銀座店,https://tabelog.com/tw/tokyo/A1301/A130101/13101983/,"銀座車站 / 西式甜點, 蛋糕",-,-,-
547,3.43,VOILA 砧店,https://tabelog.com/tw/tokyo/A1318/A131814/13013073/,"祖師谷大藏車站 / 蛋糕, 巧克力, 咖啡店","JPY 1,000 - JPY 1,999","JPY 1,000 - JPY 1,999",-
548,3.43,YOU,https://tabelog.com/tw/tokyo/A1321/A132102/13150147/,"中村橋車站 / 麵包, 三明治, 蛋糕",- JPY 999,-,-
549,3.43,夏への扉,https://tabelog.com/tw/tokyo/A1330/A133003/13019078/,"青梅車站 / 咖啡店, 蛋糕, 咖喱",-,"JPY 1,000 - JPY 1,999",星期二
550,3.43,REALTA 駒込店,https://tabelog.com/tw/tokyo/A1323/A132301/13276364/,"駒込車站 / 咖啡店, 義大利料理, 蛋糕","JPY 2,000 - JPY 2,999","JPY 1,000 - JPY 1,999",-
551,3.43,Patisserie Kyohei Mikami,https://tabelog.com/tw/tokyo/A1317/A131708/13278848/,"用賀車站 / 蛋糕, 麵包","JPY 6,000 - JPY 7,999",-,-
552,3.43,パティスリー＆ブーランジェリー ハル,https://tabelog.com/tw/tokyo/A1313/A131303/13208147/,"東陽町車站 / 蛋糕, 西式甜點, 麵包",- JPY 999,- JPY 999,星期一
553,3.43,ノリエノリ,https://tabelog.com/tw/tokyo/A1314/A131401/13253393/,大門車站 / 蛋糕,- JPY 999,-,"星期日, 節假日"
554,3.43,ミヤハラ,https://tabelog.com/tw/tokyo/A1318/A131809/13006580/,"上北澤車站 / 蛋糕, 咖啡店",-,- JPY 999,星期二
555,3.42,キル フェ ボン 青山,https://tabelog.com/tw/tokyo/A1306/A130602/13004450/,"表參道車站 / 蛋糕, 甜食",-,"JPY 3,000 - JPY 3,999","節假日前, 節假日後"
556,3.42,東京えんとつcafe',https://tabelog.com/tw/tokyo/A1302/A130201/13160888/,"大手町車站 / 咖啡店, 蛋糕",-,- JPY 999,-
557,3.42,ローラズ・カップケーキ 東京 原宿本店,https://tabelog.com/tw/tokyo/A1306/A130601/13186482/,原宿車站 / 蛋糕,"JPY 1,000 - JPY 1,999",-,-
558,3.42,マットコーヒー,https://tabelog.com/tw/tokyo/A1303/A130301/13230616/,"代官山車站 / 咖啡店, 蛋糕","JPY 1,000 - JPY 1,999","JPY 1,000 - JPY 1,999",-
559,3.42,BEYOND SWEETS 表参道店,https://tabelog.com/tw/tokyo/A1306/A130602/13290594/,"表參道車站 / 咖啡店, 蛋糕, 有機食材","JPY 1,000 - JPY 1,999","JPY 1,000 - JPY 1,999",-
560,3.42,カフェ ヴィエット アルコ,https://tabelog.com/tw/tokyo/A1318/A131802/13054199/,"下北澤車站 / 咖啡店, 越南料理, 蛋糕","JPY 2,000 - JPY 2,999","JPY 1,000 - JPY 1,999",-
561,3.42,ナナティーアンドツツミ,https://tabelog.com/tw/tokyo/A1306/A130602/13240838/,"表參道車站 / 咖啡店, 創新, 蛋糕",-,"JPY 1,000 - JPY 1,999",-
562,3.42,カフェ エスケープ,https://tabelog.com/tw/tokyo/A1321/A132101/13009898/,"江古田車站 / 咖啡店, 蛋糕, 餐廳","JPY 1,000 - JPY 1,999","JPY 1,000 - JPY 1,999",星期三
563,3.42,みるくの樹,https://tabelog.com/tw/tokyo/A1311/A131102/13035072/,淺草車站 / 蛋糕,-,- JPY 999,星期三
564,3.42,エスプリ・ドゥ・パリ,https://tabelog.com/tw/tokyo/A1320/A132002/13005925/,"三鷹車站 / 蛋糕, 咖啡館","JPY 1,000 - JPY 1,999","JPY 1,000 - JPY 1,999",-
565,3.42,マリーンハウス 原宿店,https://tabelog.com/tw/tokyo/A1306/A130601/13254526/,"原宿車站 / 蛋糕, 咖啡店","JPY 1,000 - JPY 1,999","JPY 1,000 - JPY 1,999",-
566,3.42,Sweets&Bakery 粋,https://tabelog.com/tw/tokyo/A1302/A130204/13017632/,"水天宮前車站 / 小菜, 蛋糕, 麵包",-,- JPY 999,-
567,3.42,アンプリル,https://tabelog.com/tw/tokyo/A1324/A132404/13147943/,北綾瀨車站 / 蛋糕,-,-,-
568,3.42,パティスリー・ラ・ノブティック,https://tabelog.com/tw/tokyo/A1322/A132203/13118222/,常盤台車站 / 蛋糕,- JPY 999,-,星期二
569,3.42,アン ヴデット,https://tabelog.com/tw/tokyo/A1303/A130301/13240788/,澀谷車站 / 蛋糕,- JPY 999,-,-
570,3.42,ロワール,https://tabelog.com/tw/tokyo/A1317/A131711/13114850/,奧澤車站 / 蛋糕,- JPY 999,-,-
571,3.42,フランセ 東京ギフトパレット店,https://tabelog.com/tw/tokyo/A1302/A130201/13148309/,"東京車站 / 蛋糕, 西式甜點",-,-,-
572,3.42,ルート・デュ・ショコラ 目白店,https://tabelog.com/tw/tokyo/A1305/A130502/13007724/,"目白車站 / 巧克力, 蛋糕","JPY 1,000 - JPY 1,999",-,-
573,3.42,栗ノ絲,https://tabelog.com/tw/tokyo/A1323/A132301/13283986/,千石車站 / 蛋糕,"JPY 1,000 - JPY 1,999","JPY 1,000 - JPY 1,999","星期三, 星期四"
574,3.42,プティ パルク,https://tabelog.com/tw/tokyo/A1326/A132601/13253460/,"仙川車站 / 三明治, 咖啡店, 蛋糕","JPY 1,000 - JPY 1,999","JPY 1,000 - JPY 1,999",星期一
575,3.42,ジージーコー,https://tabelog.com/tw/tokyo/A1314/A131405/13179308/,"北品川車站 / 麵包, 三明治, 蛋糕",-,-,-
576,3.42,ケーキ＆ベーカリーショップ,https://tabelog.com/tw/tokyo/A1305/A130501/13229785/,"池袋車站 / 蛋糕, 麵包",-,-,-
577,3.41,ESPRESSO D WORKS,https://tabelog.com/tw/tokyo/A1303/A130302/13173146/,"惠比壽車站 / 咖啡店, 鬆餅, 蛋糕","JPY 2,000 - JPY 2,999","JPY 1,000 - JPY 1,999",-
578,3.41,王様といちご,https://tabelog.com/tw/tokyo/A1317/A131710/13043135/,"武藏小山車站 / 咖啡店, 蛋糕","JPY 1,000 - JPY 1,999",- JPY 999,-
579,3.41,和栗モンブラン専門店 栗歩 浅草本店,https://tabelog.com/tw/tokyo/A1311/A131102/13253129/,"淺草車站 / 甜食, 蛋糕, 咖啡店","JPY 1,000 - JPY 1,999","JPY 1,000 - JPY 1,999",星期三
580,3.41,mammacafe151A,https://tabelog.com/tw/tokyo/A1313/A131303/13155346/,"清澄白河車站 / 食堂, 咖啡店, 蛋糕","JPY 1,000 - JPY 1,999","JPY 1,000 - JPY 1,999",星期一
581,3.41,Cafeきょうぶんかん,https://tabelog.com/tw/tokyo/A1301/A130101/13019913/,"銀座車站 / 咖啡店, 蛋糕",-,- JPY 999,-
582,3.41,高久,https://tabelog.com/tw/tokyo/A1302/A130204/13059083/,"人形町車站 / 咖啡館, 三明治, 蛋糕",- JPY 999,"JPY 1,000 - JPY 1,999","星期三, 星期四"
583,3.41,anea cafe 中野新橋店,https://tabelog.com/tw/tokyo/A1319/A131903/13152894/,"中野新橋車站 / 咖啡店, 蛋糕, 酒吧","JPY 1,000 - JPY 1,999",- JPY 999,-
584,3.41,ウールーグー,https://tabelog.com/tw/tokyo/A1324/A132401/13117058/,"熊野前車站 / 蛋糕, 巧克力, 馬卡龍",- JPY 999,-,-
585,3.41,自由が丘ベーカリー／パティスリー,https://tabelog.com/tw/tokyo/A1317/A131703/13257513/,"自由丘車站 / 麵包, 蛋糕, 西式甜點",- JPY 999,- JPY 999,-
586,3.41,東京ドーム プレミアム ラウンジ,https://tabelog.com/tw/tokyo/A1310/A131003/13183689/,"水道橋車站 / 西式自助餐, 咖啡店, 蛋糕","JPY 2,000 - JPY 2,999","JPY 2,000 - JPY 2,999",-
587,3.41,アントワーヌ・カレーム,https://tabelog.com/tw/tokyo/A1316/A131601/13008284/,"武藏小山車站 / 蛋糕, 巧克力, 麵包",-,-,-
588,3.41,パティスリー メゾンドゥース,https://tabelog.com/tw/tokyo/A1329/A132904/13158920/,南大澤車站 / 蛋糕,-,-,星期二
589,3.41,ルージュ・ブランシュ,https://tabelog.com/tw/tokyo/A1315/A131503/13003257/,"蒲田車站 / 蛋糕, 咖啡店",-,"JPY 1,000 - JPY 1,999",-
590,3.41,ル パティシエ タカギ 西武池袋店,https://tabelog.com/tw/tokyo/A1305/A130501/13117762/,池袋車站 / 蛋糕,- JPY 999,-,-
591,3.41,N.Y.ラウンジ ブティック,https://tabelog.com/tw/tokyo/A1314/A131401/13162268/,竹芝車站 / 蛋糕,-,-,-
592,3.41,ボンボンガトー,https://tabelog.com/tw/tokyo/A1328/A132803/13022573/,清瀨車站 / 蛋糕,-,-,"星期一, 星期二"
593,3.41,ブーランジェリー アボンリー,https://tabelog.com/tw/tokyo/A1321/A132101/13121688/,"東長崎車站 / 麵包, 蛋糕, 咖啡店",- JPY 999,- JPY 999,"星期一, 星期日, 節假日"
594,3.41,銀座トリコロール 玉川高島屋SC店,https://tabelog.com/tw/tokyo/A1317/A131708/13041827/,"二子玉川車站 / 咖啡店, 蛋糕","JPY 1,000 - JPY 1,999","JPY 1,000 - JPY 1,999",-
595,3.41,パティスリープラネッツ 江古田店,https://tabelog.com/tw/tokyo/A1321/A132101/13226996/,"江古田車站 / 蛋糕, 咖啡店, 意式冰淇淋/冰淇淋",-,- JPY 999,星期三
596,3.41,ラプティットシュルプリーズ,https://tabelog.com/tw/tokyo/A1319/A131907/13219979/,"西荻窪車站 / 蛋糕, 咖啡店",-,"JPY 1,000 - JPY 1,999","星期一, 星期二, 星期三, 星期四, 星期日"
597,3.41,ミエラティエ,https://tabelog.com/tw/tokyo/A1319/A131906/13253752/,荻窪車站 / 蛋糕,-,"JPY 2,000 - JPY 2,999","星期二, 星期三"
598,3.41,西洋菓子 おだふじ 南長崎店,https://tabelog.com/tw/tokyo/A1321/A132101/13232005/,"落合南長崎車站 / 蛋糕, 西式甜點",-,-,星期一
599,3.41,cafe satsuki,https://tabelog.com/tw/tokyo/A1324/A132404/13263480/,"五反野車站 / 咖啡店, 蛋糕, 酒吧",-,"JPY 1,000 - JPY 1,999",-
